RowNumber,CustomerId,Surname,CreditScore,Geography,Gender,Age,Tenure,Balance,NumOfProducts,HasCrCard,IsActiveMember,EstimatedSalary,Exited,tenure_months,date_opened
570,15706647,Jordan,761.0,France,Male,31,7,0.0,3,1.0,1,166698.18,0,84,02 Oct 2018
147,15705707,Bennelong,635.0,Spain,Female,29,8,138296.94,2,1.0,0,141075.51,0,96,01-10-2017
327,15601848,Scott,594.0,France,Male,35,2,0.0,2,1.0,0,103480.69,0,24,02-10-2023
913,15566091,Thomsen,545.0,Spain,Female,32,4,0.0,1,1.0,0,94739.2,0,48,01-10-2021
921,15797748,Lu,729.0,France,Male,44,5,0.0,2,0.0,1,9200.54,0,60,10/01/2020
509,15773890,Okechukwu,733.0,France,Male,22,5,0.0,2,1.0,1,117202.19,0,60,2020/10/01
1008,15701376,K'UNG,668.0,Germany,Male,37,10,152958.29,2,1.0,1,159585.61,0,120,02-10-2015
443,15672145,Swift,534.0,France,female,34,7,121551.58,2,1.0,1,70179.0,0,84,2018/10/02
172,15613172,Sun,628.0,GERMANY, Male,27,5,95826.49,2,1.0,0,155996.96,0,60,2020-10-01
846,15592222,Lo,505.0,France,Male,49,7,80001.23,1,0.0,0,135180.11,0,84,02 Oct 2018
356,15739438,  Reed  ,539.0,France,Male,30,0,0.0,2,1.0,0,,0,0,01 Oct 2025
831,15695846,Hawkins,684.0,France,Female,34,6,0.0,2,1.0,1,130928.22,0,72,02-10-2019
677,15607040,P'an,593.0,SPAIN,Female,38,4,88736.44,2,1.0,0,67020.03,0,48,2021-10-01
1005,15710424,PAGE,435.0,France,Male,36,4,0.0,1,1.0,1,197015.2,0,48,2021-10-01
771,15584091,Pitts,742.0,Germany,Female,36,2,129748.54,2,0.0,0,47271.61,1,24,02 Oct 2023
325,15682757,Pardey,734.0,  France  ,Male,30,3,0.0,2,1.0,0,"$107,640.25",0,36,10/02/2022
809,15708917,Martin,598.0,Germany,Male,53,10,167772.96,1,1.0,1,136886.86,0,120,02-10-2015
681,15780804,Nucci,482.0,France,Male,55,5,97318.25,1,0.0,1,78416.14,0,60,01 Oct 2020
233,15787174,Sergeyev,512.0,France,Female,37,1,0.0,2,0.0,1,156105.03,0,12,10/01/2024
813,15578980,Piazza,516.0,Spain,female,33,3,,2,1.0,1,58685.59,0,36,2022/10/02
410,15691625,Ko,537.0,germany,Female,41,3,138306.34,1,1.0,0,,0,36,2022-10-02
792,15643696,Young,611.0,France,Male,49,3,0.0,2,1.0,1,142917.54,0,36,02 Oct 2022
448,15644572,Turnbull,501.0,France,Male,40,4,125832.2,1,1.0,1,"$100,433.83",0,48,01-10-2021
298,15684173,Chang,687.0,Spain,F,44,7,0.0,3,1.0,0,155853.52,1,84,02-10-2018
953,15606149,Wood,571.0,Germany,Female,66,9,111577.01,1,0.0,1,189271.9,0,108,01 Oct 2016
25,15625047,Yen,846.0,France,Female,38,5,0.0,1,1.0,1,187616.16,0,60,01-10-2020
936,15675316,Avdeeva,619.0,France,Female,38,3,0.0,2,0.0,1,116467.35,0,36,02-10-2022
923,15753337,Yeates,555.0,France,Male,51,5,0.0,3,1.0,0,189122.89,1,60,01-10-2020
257,15636684,Kirkland,727.0,France,Male,34,10,0.0,2,1.0,1,198637.34,0,120,2015/10/02
10,15592389,H?,684.0,France,Male,27,2,,1,1.0,1,71725.73,0,24,10/02/2023
376,15758449,Angelo,769.0,France,Female,39,8,$0.00,1,0.0,1,21016.0,0,96,2017/10/01
217,15680920,Marchesi,695.0,France,Male,46,7,49512.55,1,1.0,0,133007.34,0,84,02-10-2018
657,15813741,Nnachetam,549.0,  Spain  ,Male,25,6,193858.2,1,0.0,1,21600.11,0,72,02-10-2019
165,15658929,Taverner,683.0,Spain,Male,29,0,133702.89,1,1.0,0,55582.54,1,0,01 Oct 2025
61,15651280,  Hunter  ,742.0,germany,Male,35,5,136857.0,1,0.0,0,84509.57,0,60,2020-10-01
169,15574692,Pinto,667.0,spain,Female,39,2,0.0,2,1.0,0,40721.24,1,24,2023/10/02
164,15680772,Hu,721.0,Spain,Female,36,2,0.0,2,1.0,1,106977.8,0,24,2023/10/02
26,15738191,Maclean,577.0,France,Male,25,3,0.0,2,,1,124508.29,0,36,02-10-2022
408,15745354,Franklin,611.0,Spain,Female,37,4,0.0,2,1.0,0,125696.26,0,48,01 Oct 2021
286,15626144,chu,675.0,France,Male,40,7,113208.86,2,1.0,0,34577.36,0,84,02-10-2018
597,15697183,Uchenna,685.0,Spain,Male,43,9,0.0,2,1.0,0,107811.28,0,108,01 Oct 2016
348,15747358,Russell,643.0,Germany,Male,59,3,170331.37,1,1.0,1,32171.79,0,36,10/02/2022
611,15686611,Moss,495.0,France,Male,30,10,129755.99,1,0.0,0,,0,120,2015/10/02
745,15670755,Shaw,650.0,France, Male,60,8,0.0,2,1.0,1,102925.76,0,96,10/01/2017
614,15805062,Lynton,667.0,Spain,Male,38,1,87202.38,1,1.0,1,77866.91,0,12,2024-10-01
345,15785869,Pisano,718.0,France,Female,25,7,0.0,2,1.0,0,30380.12,0,84,02-10-2018
285,15708608,Wallwork,799.0,  France  ,Female,22,8,174185.98,2,0.0,1,192633.85,0,96,2017-10-01
126,15627360,Fuller,432.0,France,Male,42,9,152603.45,1,1.0,0,110265.24,1,108,2016/10/01
295,15785819,Shao,681.0,France,Male,38,3,0.0,2,1.0,1,112491.96,0,36,02-10-2022
772,15640442,Standish,717.0,France,Male,31,4,129722.57,1,0.0,0,41176.6,0,48,2021-10-01
14,15691483,Chin,549.0,France,Female,25,5,0.0,2,0.0,0,190857.79,0,60,2020-10-01
223,15727829,McIntyre,567.0,France,Male,42,2,0.0,2,1.0,1,167984.61,0,24,02-10-2023
553,15763063,Price,685.0,Spain,F,25,10,128509.63,1,1.0,0,121562.33,0,120,02 Oct 2015
100,15633059,Fanucci,413.0,France,Male,34,9,0.0,2,0.0,0,6534.18,0,108,01-10-2016
373,15694506,Briggs,611.0,Germany,Male,31,0,107884.81,2,1.0,1,183487.98,0,0,2025/10/01
851,15572265,Wu,646.0,Germany,Male,46,1,170826.55,2,1.0,0,45041.32,0,12,2024/10/01
997,15645621,Hunter,811.0,Spain,Male,44,3,0.0,2,0.0,1,78439.73,0,36,2022-10-02
884,15743007,Seabrook,,france,Female,45,4,45144.43,1,1.0,0,60917.24,1,48,2021-10-01
114,15591100,Chiemela,675.0,  Spain  ,Male,36,9,106190.55,1,0.0,1,22994.32,0,108,2016/10/01
885,15777211,Herrera,515.0,France,Male,65,7,92113.61,1,1.0,1,142548.33,0,84,2018-10-02
95,15676966,Capon,730.0,N/A,Male,42,4,0.0,2,0.0,1,85982.47,0,48,2021-10-01
996,15810218,  Sun  ,610.0,Spain,male,29,9,0.0,3,0.0,1,83912.24,0,108,2016/10/01
453,15710825,Ch'en,592.0,Spain,Male,150,7,110071.1,1,0.0,0,43921.36,0,84,2018-10-02
716,15578977,Robinson,786.0,France,Male,34,9,0.0,2,1.0,0,144517.19,0,108,2016-10-01
419,15659843,Li,643.0,France,Female,46,6,0.0,2,0.0,0,106781.59,0,72,10/02/2019
796,15686870,Ball,761.0,  Germany  ,Male,36,8,108239.11,2,0.0,0,,0,96,01-10-2017
455,15726631,Hilton,758.0,FRANCE,Female,39,6,127357.76,1,0.0,1,56577.0,0,72,2019/10/02
823,15765311,Zhirov,642.0,Spain,male,34,8,0.0,1,1.0,0,,0,96,01 Oct 2017
602,15645569,Mai,762.0,Spain,Female,26,7,"$123,709.46",2,1.0,1,169654.57,0,84,02 Oct 2018
427,15652883,Chung,492.0,Germany,Male,39,10,124576.65,2,1.0,0,148584.61,0,120,2015/10/02
943,15804586,Lin,376.0,France,Female,46,6,0.0,1,1.0,0,157333.69,1,72,10/02/2019
674,15745621,Wertheim,640.0,Spain,female,32,6,118879.35,2,1.0,1,19131.71,0,72,2019/10/02
35,15732963,Clements,722.0,  Spain  ,Female,29,9,$0.00,2,1.0,1,142033.07,0,108,10/01/2016
54,15702298,Parkhill,655.0,Germany,Male,41,8,125561.97,1,0.0,0,164040.94,1,96,10/01/2017
869,15646810,Quinn,603.0,Germany,Male,44,6,108122.39,2,1.0,0,108488.33,1,72,02 Oct 2019
743,15696231,Chiwetelu,635.0,France,M,29,7,105405.97,1,1.0,1,149853.89,0,84,2018/10/02
272,15619955,Bevington,733.0,Germany,Male,34,3,100337.96,3,1.0,0,48559.19,1,36,10/02/2022
756,15660101,Nnonso,803.0,France,Male,31,-1,157120.86,2,1.0,0,141300.53,0,108,2016-10-01
682,15613880,higinbotham,591.0,Spain,Male,58,5,128468.69,1,0.0,1,137254.55,0,60,01-10-2020
587,15722010,Zuyev,621.0,Spain,Male,53,-1,170491.84,1,1.0,0,,1,108,2016/10/01
366,15613085,Ibrahimova,628.0,Spain,Female,33,3,0.0,1,1.0,1,188193.25,0,36,2022/10/02
791,15763431,Echezonachukwu,698.0,France,Male,36,2,82275.35,2,1.0,1,93249.26,0,24,10/02/2023
985,15704770,Pan,773.0,France,Male,25,1,124532.78,2,0.0,1,11723.57,0,12,2024/10/01
989,15664521,David,659.0,Spain, Male,31,7,149620.88,2,1.0,1,104533.51,0,84,02-10-2018
659,15568595,Fleming,0.0,France,Male,64,9,113829.45,1,1.0,1,124341.49,0,108,01 Oct 2016
857,15693864,IHEANACHO,567.0,Germany,female,49,5,134956.02,1,1.0,0,93953.84,1,60,10/01/2020
306,15636673,Onwuatuegwu,667.0,France,Male,31,1,119266.69,1,1.0,1,28257.63,0,12,2024/10/01
243,15813844,Barnes,703.0,France,Male,999,8,105961.68,2,0.0,1,74158.8,0,96,10/01/2017
858,15760550,Duncan,741.0,SPAIN,Male,39,7,,2,0.0,1,"$174,227.66",0,84,02 Oct 2018
883,15785519,May,565.0,France,Male,36,6,106192.1,1,1.0,0,149575.59,0,72,2019/10/02
738,15766741,McIntyre,,France,male,36,2,114628.4,1,0.0,1,168290.06,0,24,02 Oct 2023
898,15782390,T'ien,621.0,FRANCE,Female,40,6,0.0,1,1.0,0,"$155,155.25",0,72,02-10-2019
978,15582616,Y?an,520.0,France,female,38,4,0.0,2,1.0,0,56388.63,0,48,2021-10-01
221,15725311,Hay,726.0,France,Female,31,9,114722.05,2,1.0,1,98178.57,0,108,01 Oct 2016
65,15592461,Jackson,603.0,Germany,Male,26,4,109166.37,1,1.0,1,92840.67,0,48,01 Oct 2021
571,15728505,Ts'ao,601.0,France,M,44,1,100486.18,2,1.0,1,62678.53,0,12,01 Oct 2024
309,15773972,Balashov,614.0,France,Male,50,4,137104.47,1,1.0,0,127166.49,1,48,2021/10/01
468,15593782,Brookes,816.0,Germany,Female,38,5,130878.75,3,1.0,0,71905.77,1,60,01 Oct 2020
724,15571973,chinwemma,776.0,France,F,38,2,169824.46,1,1.0,0,169291.7,0,24,02-10-2023
109,15602312,Walkom,605.0,Spain,Male,33,5,"$150,092.80",1,0.0,0,"$71,862.79",0,60,2020/10/01
412,15760431,Pino,,France,Male,38,1,,2,1.0,1,80006.65,0,12,2024-10-01
652,15813850,Christian,720.0,France,Male,52,7,0.0,1,1.0,1,14781.12,0,84,10/02/2018
668,15575024,Uwaezuoke,503.0,France,Male,29,3,0.0,2,1.0,1,143954.99,0,36,2022-10-02
552,15657284,  Day  ,674.0,Germany,Male,47,6,106901.94,1,1.0,1,"$2,079.20",1,72,2019-10-02
882,15571928,Fraser,679.0,France,F,43,4,0.0,3,1.0,0,115136.51,1,48,2021/10/01
951,15630328,Bird,635.0,France,Female,48,8,130796.33,2,1.0,1,43250.3,0,96,01 Oct 2017
566,15811773,Hsia,543.0,France,Male,36,4,0.0,2,1.0,1,141210.5,0,48,01-10-2021
154,15689044,Humphries,539.0,France,Male,37,2,127609.59,1,1.0,0,98646.22,0,24,02 Oct 2023
141,15698932,Groves,756.0,Germany,Male,44,10,137452.09,1,1.0,0,189543.9,0,120,02 Oct 2015
436,15581197,Ricci,762.0,France,Female,51,3,99286.98,1,0.0,1,85578.63,0,36,10/02/2022
368,15594720,Scott,460.0,Germany,Female,35,8,102742.91,2,1.0,1,189339.6,0,96,2017-10-01
925,15658485,Heath,1000.0,France, Female,34,9,,1,1.0,1,68600.36,0,108,01 Oct 2016
706,15580148,Welch,750.0,GERMANY,Male,40,5,168286.81,3,1.0,0,20451.99,1,60,01-10-2020
656,15692926,Toscani,498.0,Germany,Male,25,8,"$121,702.73",1,1.0,1,132210.49,0,96,01-10-2017
111,15803526,Eremenko,685.0,Germany,Male,30,3,90536.81,1,0.0,1,63082.88,0,36,10/02/2022
27,15736816,Young,756.0,Germany,Male,36,2,136815.64,1,1.0,1,,0,24,02-10-2023
58,15647091,Endrizzi,725.0,Germany,Male,19,0,75888.2,1,0.0,0,"$45,613.75",0,0,01 Oct 2025
47,15602280,Martin,829.0,Germany,Female,27,9,112045.67,1,1.0,1,119708.21,1,108,01 Oct 2016
320,15626114,Pearson,,France,Male,24,4,95741.75,1,1.0,0,"$46,170.75",0,48,01-10-2021
994,15782899,Ginn,661.0,Spain, Female,28,7,95357.49,1,0.0,0,,0,84,02-10-2018
752,15634245,Muecke,758.0,Germany,Female,47,9,95523.16,1,,0,73294.48,0,108,01 Oct 2016
99,15604348,Allard,710.0,Spain,Male,22,8,0.0,2,0.0,0,99645.04,0,96,2017/10/01
397,15584766,Knight,557.0,France,Male,33,3,54503.55,1,1.0,1,371.05,0,36,2022/10/02
139,15594408,Chia,584.0,Spain, Female,48,2,"$213,146.20",1,1.0,0,75161.25,1,24,2023/10/02
505,15715527,Freeman,543.0,Spain,Female,41,4,0.0,1,0.0,0,194902.16,0,48,10/01/2021
694,15740900,Perrodin,589.0,France,Male,34,6,0.0,2,1.0,1,177896.92,0,72,02-10-2019
335,15742668,Day,626.0,Spain,Female,37,6,108269.37,1,1.0,0,5597.94,0,72,10/02/2019
887,15591711,Sleeman,739.0,Spain, Male,38,0,128366.44,1,1.0,0,12796.43,0,0,01-10-2025
44,15755196,Lavine,834.0,France,Female,49,2,131394.56,1,0.0,0,"$194,365.76",1,24,02-10-2023
878,15800228,Bednall,652.0,  Spain  ,female,42,4,0.0,2,1.0,1,38152.01,0,48,01 Oct 2021
64,15751208,Pirozzi,684.0,Spain,Male,56,8,78707.16,1,1.0,1,99398.36,0,96,2017/10/01
795,15776807,Brennan,654.0,France,Male,29,1,0.0,1,1.0,0,180345.44,0,12,01-10-2024
930,15590876,Knupp,764.0,  France  ,Female,0,7,106234.02,1,0.0,0,115676.38,0,84,02 Oct 2018
39,15717426,Armstrong,850.0,France,Male,36,7,0.0,1,1.0,1,40812.9,0,84,02 Oct 2018
912,15746490,Wollstonecraft,648.0,Spain,Female,53,6,111201.41,1,1.0,1,121542.29,0,72,10/02/2019
849,15646558,Clamp,611.0,Spain,Male,51,1,122874.74,1,1.0,1,149648.45,0,12,2024/10/01
504,15730059,udobata,638.0,SPAIN,Male,44,9,77637.35,2,1.0,1,111346.22,0,108,01 Oct 2016
937,15613630,Tang,775.0,France,M,52,8,109922.61,1,1.0,1,96823.32,1,96,2017-10-01
337,15740476,  Tsao  ,659.0,Germany,Female,32,3,150923.74,2,0.0,1,"$174,652.51",0,36,2022-10-02
563,15665678,Tan,607.0,Spain,Male,36,8,,1,1.0,1,"$76,744.72",0,96,01 Oct 2017
916,15775625,McKenzie,596.0,France, Male,47,6,0.0,1,1.0,0,74835.65,0,72,2019-10-02
720,15653780,Kambinachi,621.0,France, Female,43,5,0.0,1,1.0,1,47578.45,0,60,2020-10-01
206,15773039,Ku,550.0,France,Male,37,3,0.0,1,1.0,1,179670.31,0,36,02-10-2022
973,15605918,Padovesi,635.0,Germany,Male,43,5,78992.75,2,0.0,0,153265.31,0,60,10/01/2020
866,15686983,ROHU,678.0,Germany,Female,25,10,76968.12,2,0.0,1,131501.72,0,120,02-10-2015
583,15576352,Revell,586.0,Spain,Female,57,3,0.0,2,0.0,1,6057.81,0,36,2022-10-02
187,15771977,T'ao,730.0,France,Female,39,1,99010.67,1,1.0,0,194945.8,0,12,2024/10/01
559,15717046,Wentworth-Shields,741.0,spain,Male,53,3,0.0,2,1.0,1,38913.68,0,36,2022/10/02
229,15637753,O'Sullivan,751.0,Germany,Male,50,2,"$96,888.39",1,1.0,0,77206.25,1,24,02-10-2023
902,15709737,Hunter,643.0,  France  ,Male,36,7,161064.64,2,0.0,1,84294.82,0,84,2018/10/02
542,15626578,Milne,622.0,France,Male,26,9,0.0,2,1.0,1,153237.59,0,108,2016/10/01
62,15773469,Clark,687.0,GERMANY,Female,27,9,152328.88,2,0.0,0,126494.82,0,108,2016-10-01
595,15603925,Greco,779.0,,Female,26,4,174318.13,2,0.0,1,38296.21,0,48,2021/10/01
506,15576623,Outlaw,584.0,France,Male,31,5,0.0,2,1.0,0,,0,60,01-10-2020
645,15698786,Marcelo,819.0,France,Female,39,9,133102.92,1,1.0,0,"$27,046.46",1,108,2016/10/01
591,15788291,Okwuadigbo,713.0,Germany,Female,38,7,144606.22,1,1.0,1,56594.36,1,84,10/02/2018
565,15788126,Evans,689.0,Spain,Female,38,6,121021.05,1,1.0,1,,0,72,02-10-2019
790,15653253,Pagnotto,704.0,Spain,Male,48,8,167997.6,1,1.0,1,173498.45,0,96,2017/10/01
418,15695632,Dellucci,556.0,France,Female,39,9,89588.35,1,1.0,1,"$94,898.10",0,108,10/01/2016
898,15782390,T'ien,621.0,FRANCE,Female,40,6,0.0,1,1.0,0,"$155,155.25",0,72,02-10-2019
171,15587562,Hawkins,484.0,France, Female,29,4,"$130,114.39",1,1.0,0,164017.89,0,48,10/01/2021
447,15730460,Oleary,722.0,France,Male,999,2,0.0,1,0.0,0,120906.83,0,24,02 Oct 2023
398,15612187,Morin,547.0,Germany,Male,32,8,155726.85,1,1.0,0,"$67,789.99",0,96,01 Oct 2017
541,15667896,De Luca,833.0,France,Male,37,8,151226.18,2,1.0,1,136129.49,0,96,10/01/2017
110,15744689,T'ang,479.0,Germany,Male,35,9,92833.89,1,1.0,0,99449.86,1,108,01-10-2016
317,15662736,Doyle,559.0,France,M,49,2,147069.78,1,1.0,0,120540.83,1,24,10/02/2023
254,15694717,ku,544.0,Germany,Male,37,2,79731.91,1,1.0,1,57558.95,0,24,2023-10-02
1002,15796505,BOYLE,0.0,Germany, Female,34,1,149297.19,2,1.0,1,186339.74,0,12,01 Oct 2024
516,15746902,Belstead,-50.0,Spain,Male,38,9,0.0,2,1.0,0,88225.02,0,108,2016-10-01
205,15627801,  Ginikanwa  ,512.0,SPAIN,Male,33,3,176666.62,1,1.0,0,94670.77,0,36,2022/10/02
149,15703264,chukwufumnanya,735.0,France,Male,44,9,120681.63,1,,0,74836.34,0,108,01 Oct 2016
424,15622834,Stevenson,678.0,France,Female,35,4,0.0,1,,0,125518.32,0,48,01 Oct 2021
1001,15604482,CHIEMEZIE,850.0,Spain,Male,30,2,141040.01,1,1.0,1,5978.2,0,24,02 Oct 2023
300,15811490,FRENCH,627.0,france,Male,33,5,0.0,2,1.0,1,103737.82,0,60,01 Oct 2020
784,15745196,Verco,571.0,France,Female,35,8,0.0,2,0.0,0,84569.13,0,96,01 Oct 2017
946,15709295,Wall,697.0,Spain, Female,25,5,82931.85,2,1.0,1,"$128,373.88",0,60,2020/10/01
917,15792328,James,475.0,FRANCE,Male,39,6,0.0,1,1.0,1,56999.9,1,72,02-10-2019
319,15677512,McEncroe,628.0,Spain,Female,150,3,0.0,1,1.0,0,85426.28,0,36,02 Oct 2022
129,15575492,Kennedy,828.0,France,Female,41,7,0.0,2,1.0,0,171378.77,0,84,02-10-2018
1007,15576352,REVELL,586.0,Spain,Female,57,3,0.0,2,0.0,1,6057.81,0,36,2022-10-02
599,15637476,Alexandrova,683.0,Germany,Female,57,5,162448.69,1,0.0,0,9221.78,1,60,01-10-2020
592,15604044,  Mitchell  ,700.0,France,Male,38,8,134811.3,1,1.0,0,1299.75,0,96,01-10-2017
446,15803406,Ross,748.0,France,Female,26,1,77780.29,1,0.0,1,183049.41,0,12,10/01/2024
876,15653762,Chidiebele,501.0,France,Female,39,9,117301.66,1,0.0,0,182025.95,0,108,2016/10/01
322,15678910,  Ts'ai  ,680.0,n/a,female,30,8,141441.75,1,1.0,1,16278.97,0,96,2017-10-01
409,15701376,K'ung,668.0,Germany,Male,37,10,152958.29,2,1.0,1,159585.61,0,120,02-10-2015
238,15764866,Synnot,539.0,Germany,Female,43,3,116220.5,3,1.0,0,55803.96,1,36,02-10-2022
493,15624170,  Tan  ,639.0,France,female,38,4,81550.94,2,0.0,1,118974.77,0,48,2021/10/01
667,15725511,Wallace,559.0,,F,31,3,127070.73,1,0.0,1,160941.78,0,36,02-10-2022
554,15709324,Bruce,417.0,France,Male,34,7,0.0,2,1.0,0,55003.79,0,84,10/02/2018
751,15790314,Onuoha,649.0,N/A,Male,41,0,0.0,2,0.0,1,130567.02,0,0,10/01/2025
479,15677538,Nwokike,569.0,France,Male,38,7,0.0,1,1.0,1,108469.2,0,84,02-10-2018
488,15613772,Dalrymple,542.0,France,Male,39,3,"$135,096.77",1,1.0,1,14353.43,1,36,02 Oct 2022
135,15712543,Chinweike,789.0,Germany,Male,39,7,124828.46,2,1.0,1,124411.08,0,84,02-10-2018
331,15598493,Beach,656.0,FRANCE,Male,50,7,0.0,2,0.0,1,72143.44,0,84,2018/10/02
16,15643966,Goforth,616.0,Germany,Male,45,3,143129.41,2,0.0,1,64327.26,0,36,10/02/2022
800,15567367,Tao,601.0,Germany,Female,42,9,133636.16,1,0.0,1,103315.74,0,108,2016-10-01
160,15804017,Chigolum,631.0,  Germany  ,Female,33,4,123246.7,1,0.0,0,112687.57,0,48,2021/10/01
494,15725679,Hsia,531.0,France,Female,47,6,0.0,1,0.0,0,194998.34,1,72,10/02/2019
245,15576269,Madison,523.0,Spain,Male,34,7,0.0,2,1.0,0,62030.06,0,84,2018-10-02
732,15790757,Cody,769.0,  France  , Female,25,10,0.0,2,0.0,0,187925.75,0,120,02 Oct 2015
49,15766205,Yin,550.0,Germany,Male,38,2,103391.38,1,0.0,1,90878.13,0,24,10/02/2023
260,15607178,Welch,850.0,germany,Male,38,3,54901.01,1,1.0,1,140075.55,0,36,02 Oct 2022
75,15770811,Wallace,519.0,France,Male,36,9,0.0,2,0.0,1,145562.4,0,108,01 Oct 2016
173,15651022,Yost,480.0,Germany,male,44,10,,1,1.0,0,5472.7,1,120,02 Oct 2015
692,15688251,Mamelu,767.0,France,Male,43,1,76408.85,2,1.0,0,77837.63,0,12,2024-10-01
466,15726032,Enyinnaya,608.0,France,male,33,9,89968.69,1,1.0,0,"$68,777.26",0,108,10/01/2016
519,15775912,Mazzanti,698.0,France,Male,48,4,101238.24,2,0.0,1,177815.87,1,48,01 Oct 2021
271,15787071,Dulhunty,650.0,Spain,Male,41,9,0.0,2,0.0,1,191599.67,0,108,2016-10-01
926,15636731,Ts'ai,714.0,Germany,F,36,1,101609.01,2,1.0,1,447.73,0,12,10/01/2024
959,15619529,Ndukaku,531.0,Spain,Male,27,8,132576.25,1,0.0,0,7222.92,0,96,2017/10/01
627,15626900,Kung,,France,Male,29,1,141325.56,1,1.0,1,93839.3,0,12,01-10-2024
363,15706365,Bianchi,648.0,France,Female,50,9,"$102,535.57",1,1.0,1,189543.19,0,108,2016-10-01
511,15568506,Forbes,524.0,Germany,Female,31,10,67238.98,2,1.0,1,161811.23,0,120,10/02/2015
793,15707473,Summers,850.0,Germany,Female,48,6,111962.99,1,1.0,0,111755.8,0,72,10/02/2019
55,15569590,Yoo,601.0,germany,Male,42,1,98495.72,1,1.0,0,40014.76,1,12,01 Oct 2024
658,15698474,Sagese,601.0,Germany,Female,54,1,131039.97,2,1.0,1,199661.5,0,12,01-10-2024
98,15693683,Yuille,814.0,N/A,Male,29,8,97086.4,2,1.0,1,197276.13,0,96,01 Oct 2017
776,15752137,McElroy,648.0,France,Male,33,7,134944.0,1,1.0,1,117036.38,0,84,2018/10/02
458,15634632,Titus,711.0,France,Male,38,3,0.0,2,1.0,0,68487.51,0,36,10/02/2022
515,15682048,Pisano,605.0,France,Female,51,3,136188.78,1,1.0,1,67110.59,1,36,02 Oct 2022
819,15591969,Kuo,497.0,Spain,Male,999,9,"$75,263.16",1,1.0,1,164825.04,0,108,2016-10-01
128,15782688,Piccio,625.0,Germany,Male,56,0,148507.24,1,1.0,0,46824.08,1,0,10/01/2025
423,15674551,Fitch,535.0,Germany,Male,40,7,111756.5,1,1.0,0,8128.32,1,84,02 Oct 2018
432,15743040,Kuznetsova,724.0,Germany,Male,41,2,127892.57,2,0.0,1,199645.45,0,24,2023/10/02
508,15677307,Lo,684.0,Germany,Female,999,6,137326.65,1,1.0,0,186976.6,0,72,10/02/2019
569,15795564,Moretti,737.0,Germany,Male,31,5,121192.22,2,1.0,1,74890.58,0,60,2020/10/01
826,15660602,Ch'eng,464.0,Germany,Male,33,8,164284.72,2,1.0,1,3710.34,0,96,01-10-2017
385,15689294,Onyemaechi,705.0,Germany,Male,44,3,105934.96,1,1.0,0,82463.69,0,36,02 Oct 2022
390,15717225,Ikemefuna,544.0,,Female,21,10,161525.96,2,1.0,0,9262.77,0,120,02 Oct 2015
81,15706021,Buley,665.0,  France  ,Female,34,1,96645.54,2,0.0,0,171413.66,0,12,10/01/2024
159,15589975,Maclean,646.0,France,Female,73,6,"$97,259.25",1,0.0,1,104719.66,0,72,2019-10-02
653,15711889,Mao,668.0,  France  ,Male,42,-1,150461.07,1,1.0,0,108139.23,0,36,10/02/2022
965,15580956,McNess,683.0,Germany,Female,43,4,"$115,888.04",1,1.0,1,,1,48,2021-10-01
263,15686776,Rossi,557.0,France,Female,-1,6,184686.41,2,1.0,0,14956.44,0,72,02-10-2019
744,15641675,Kirillova,611.0,France,Female,49,2,88915.37,3,0.0,0,161435.02,1,24,02-10-2023
894,15772781,Ball,703.0,  France  ,Female,51,3,0.0,3,1.0,1,77294.56,1,36,02 Oct 2022
678,15715142,Repina,739.0,Germany,Male,45,7,102703.62,1,0.0,1,147802.94,1,84,10/02/2018
472,15683625,Hare,703.0,,Male,37,1,149762.08,1,1.0,0,"$20,629.40",1,12,10/01/2024
815,15641655,Black,700.0,France,Female,26,2,0.0,2,0.0,0,50051.42,0,24,02 Oct 2023
358,15661629,Ricci,522.0,Spain,Male,34,9,"$126,436.29",1,1.0,0,174248.52,1,108,01 Oct 2016
741,15637414,Gell,,France,Female,24,7,128736.39,1,0.0,1,37147.61,0,84,02 Oct 2018
703,15603436,Savage,594.0,Spain,F,49,2,126615.94,2,0.0,1,123214.74,0,24,10/02/2023
278,15767339,Chiazagomekpere,777.0,France,Female,53,10,0.0,2,1.0,0,189992.97,0,120,10/02/2015
362,15696674,Robinson,643.0,Germany,Female,45,2,,1,0.0,1,2319.96,1,24,2023/10/02
548,15720187,HAN,479.0,Germany,Female,30,7,"$143,964.36",2,1.0,0,41879.99,0,84,02-10-2018
670,15662397,Small,640.0,France,F,42,5,176099.13,1,1.0,1,8404.73,0,60,2020-10-01
180,15625426,  Ashbolt  ,754.0,Germany,Female,55,3,161608.81,1,1.0,0,8080.85,1,36,2022/10/02
780,15769974,Shih,679.0,Spain,Female,35,8,119182.73,1,0.0,0,121210.09,0,96,01-10-2017
956,15571002,Yusupov,706.0,France,Female,44,4,129605.99,1,0.0,0,69865.49,0,48,01 Oct 2021
600,15714939,Fallaci,484.0,Germany,Female,34,4,148249.54,1,0.0,1,33738.27,0,48,01-10-2021
123,15690673,Cameron,656.0,FRANCE,Female,39,6,0.0,2,1.0,0,,0,72,2019/10/02
855,15601589,Baresi,675.0,France,Female,57,8,0.0,2,0.0,1,95463.29,0,96,2017-10-01
695,15681068,Chinagorom,796.0,France,female,45,2,109730.22,1,1.0,1,123882.73,0,24,2023/10/02
897,15733119,Mistry,718.0,  France  ,M,35,8,0.0,2,1.0,0,94820.85,0,96,2017-10-01
940,15599289,YEH,724.0,France,Female,37,10,68598.56,1,1.0,0,157862.82,0,120,02-10-2015
863,15794916,Pirogov,725.0,France,Male,41,7,113980.21,1,1.0,1,116704.25,0,84,10/02/2018
740,15705639,Onyemauchechukwu,692.0,France,Female,28,8,95059.02,2,1.0,0,44420.18,0,96,2017/10/01
452,15785798,Uchechukwu,850.0,FRANCE, Male,40,9,0.0,2,0.0,1,119232.33,0,108,2016-10-01
789,15600739,Galkin,0.0,Spain,Female,35,0,0.0,2,1.0,0,119899.52,0,0,2025/10/01
995,15623521,Sozonov,838.0,Spain,M,43,9,"$123,105.88",2,1.0,0,145765.83,0,108,2016/10/01
808,15798906,Cox,628.0,France,Male,69,5,0.0,2,1.0,1,181964.6,0,60,01-10-2020
807,15613319,Rice,793.0,France,Female,33,0,0.0,1,0.0,0,175544.02,0,0,2025-10-01
865,15805449,Ugochukwu,594.0,France,Male,38,4,0.0,2,0.0,0,,0,48,10/01/2021
663,15667215,Chandler,678.0,FRANCE,Male,31,2,0.0,2,1.0,1,58803.28,0,24,02 Oct 2023
400,15646372,Outhwaite,616.0,France,F,66,1,135842.41,1,1.0,0,"$183,840.51",1,12,2024-10-01
148,15754105,Olisanugo,650.0,France,Male,37,5,106967.18,1,0.0,0,24495.03,0,60,2020-10-01
361,15803716,West,706.0,Spain,Male,28,3,0.0,2,0.0,1,181543.67,0,36,10/02/2022
404,15732674,Fennell,443.0,Spain,Male,36,6,70438.01,2,0.0,1,56937.43,0,72,10/02/2019
715,15807609,Yuan,650.0,Spain,Female,25,3,"$86,605.50",3,1.0,0,16649.31,1,36,10/02/2022
52,15768193,Trevisani,585.0,GERMANY,male,36,5,146050.97,2,0.0,0,86424.57,0,60,01-10-2020
837,15585036,Okoli,694.0,Spain,Female,37,3,0.0,2,1.0,1,147012.22,0,36,02 Oct 2022
622,15603134,Pai,656.0,spain,female,40,10,167878.5,1,0.0,1,151887.16,0,120,10/02/2015
23,15699309,gerasimov,510.0,spain,Female,38,4,0.0,1,1.0,0,118913.53,1,48,2021/10/01
908,15724848,Oluchukwu,516.0,France,Female,46,1,104947.72,1,1.0,0,"$115,789.25",1,12,01 Oct 2024
642,15580684,Feng,706.0,France,Female,29,5,"$112,564.62",1,1.0,0,"$42,334.38",0,60,2020/10/01
718,15804072,Chen,701.0,Spain,Female,42,5,0.0,2,0.0,0,24210.56,0,60,01-10-2020
210,15612087,Dike,671.0,France,M,45,2,106376.85,1,0.0,1,,0,24,10/02/2023
329,15669064,Mazzanti,671.0,Germany,Male,35,1,144848.74,1,1.0,1,179012.3,0,12,01-10-2024
143,15628145,Forwood,682.0,France,Female,150,5,125851.93,1,1.0,1,193318.33,0,60,01-10-2020
51,15616550,Chidiebele,698.0,germany,male,44,10,116363.37,2,1.0,0,"$198,059.16",0,120,2015/10/02
167,15724623,Taubman,704.0,Germany,Female,24,7,"$113,034.22",1,1.0,0,162503.48,1,84,10/02/2018
904,15786014,Ku,568.0,France,Male,28,5,145105.64,2,1.0,0,185489.11,0,60,2020/10/01
1006,15715951,THORPE,562.0,France,Male,42,2,100238.35,1,0.0,0,86797.41,0,24,2023/10/02
82,15663706,Leonard,777.0,France, Female,32,2,0.0,1,1.0,0,136458.19,1,24,02-10-2023
601,15683503,Hudson,601.0,France,Female,43,8,0.0,3,0.0,1,110916.15,1,96,01 Oct 2017
701,15803457,HAO,750.0,France,Female,32,5,0.0,2,1.0,0,95611.47,0,60,10/01/2020
919,15593773,Olejuru,784.0,Spain, Male,35,3,0.0,2,0.0,0,81483.64,0,36,2022-10-02
67,15696061,Brownless,581.0,  Germany  ,Female,34,1,,1,1.0,0,110431.51,0,12,10/01/2024
340,15807923,Young,716.0,Germany,Female,39,10,115301.31,1,1.0,0,43527.4,1,120,10/02/2015
669,15640825,Loyau,695.0,Spain,Male,46,3,122549.64,1,1.0,1,56297.85,0,36,2022-10-02
290,15697307,Nnachetam,588.0,Spain,Male,34,10,0.0,2,1.0,0,79078.91,0,120,2015/10/02
714,15716164,Nicholls,501.0,France,Female,41,3,"$144,260.50",1,1.0,0,172114.67,0,36,02 Oct 2022
651,15730447,Anderson,629.0,France,Female,49,4,0.0,2,1.0,1,196335.48,0,48,10/01/2021
284,15699389,Ch'ien,807.0,France,M,42,7,118274.71,1,1.0,1,25885.72,0,84,2018/10/02
438,15624623,Hs?,516.0,France,Male,35,10,"$104,088.59",2,0.0,0,119666.0,0,120,2015-10-02
524,15742358,Humphreys,696.0,Germany,Male,32,8,101160.99,1,1.0,1,"$115,916.55",0,96,10/01/2017
65,15592461,Jackson,603.0,Germany,Male,26,4,109166.37,1,1.0,1,92840.67,0,48,01 Oct 2021
660,15603065,Grubb,751.0,France,Female,30,6,0.0,2,1.0,0,15766.1,0,72,2019-10-02
265,15700696,Kang,738.0,Spain,Male,31,9,,1,1.0,1,"$18,606.23",0,108,01-10-2016
907,15814275,  Zikoranachidimma  ,685.0,France,Male,33,6,174912.72,1,1.0,1,43932.54,0,72,02-10-2019
485,15676519,George,615.0,Spain,Male,61,9,0.0,2,1.0,0,150227.85,1,108,10/01/2016
781,15737051,Denisov,639.0,france,Male,27,8,0.0,2,1.0,0,192247.35,0,96,01 Oct 2017
21,15577657,McDonald,732.0,France,Male,41,8,0.0,2,1.0,1,170886.17,0,96,10/01/2017
628,15605447,Palermo,752.0,France,Male,49,2,78653.84,1,1.0,0,7698.6,0,24,2023-10-02
782,15585595,Owens,774.0,France,Female,28,1,71264.02,2,0.0,1,68759.57,0,12,2024-10-01
709,15649423,Cooper,580.0,  France  ,Female,35,8,0.0,2,0.0,1,10357.03,0,96,10/01/2017
297,15774510,Tien,714.0,France,Female,31,4,125169.26,1,,1,"$106,636.89",0,48,2021-10-01
749,15813034,Martin,727.0,Spain, Male,38,2,62276.99,1,1.0,1,59280.79,0,24,10/02/2023
543,15776223,Davide,597.0,France,Female,42,4,64740.12,1,1.0,1,106841.12,0,48,2021/10/01
262,15673481,Morton,726.0,Spain,Female,48,6,99906.19,1,1.0,0,64323.24,0,72,10/02/2019
421,15810418,T'ang,756.0,Germany,Female,60,3,,1,1.0,0,93524.19,1,36,02-10-2022
665,15763218,akeroyd,661.0,France,Female,41,1,0.0,2,0.0,1,131300.68,0,12,10/01/2024
512,15761043,Macleod,632.0,Germany,Female,38,6,86569.76,2,1.0,0,98090.91,0,72,10/02/2019
748,15587535,Onyemauchechukwu,450.0,Spain,F,46,5,177619.71,1,1.0,0,54227.06,0,60,01-10-2020
581,15692671,Dobson,701.0,Spain,Male,36,8,0.0,2,1.0,0,169161.46,0,96,10/01/2017
481,15695585,Atkins,788.0,Spain,Male,34,6,156478.62,1,0.0,1,181196.76,0,72,2019/10/02
840,15727915,Artemiev,507.0,France,Male,36,4,83543.37,1,0.0,0,140134.43,0,48,01 Oct 2021
189,15726676,Marshall,616.0,Spain,Male,30,5,$0.00,2,0.0,1,196108.51,0,60,01 Oct 2020
252,15753754,morrison,587.0,Spain,Female,34,1,0.0,2,1.0,1,97932.68,0,12,01-10-2024
72,15620344,McKee,813.0,France, Male,29,6,0.0,1,1.0,0,33953.87,0,72,02-10-2019
499,15591995,Barry,757.0,Germany,Male,26,-1,"$121,581.56",2,1.0,1,127059.04,0,96,01-10-2017
529,15653849,Lu,572.0,Germany,Female,48,3,152827.99,1,1.0,0,38411.79,1,36,02 Oct 2022
352,15593365,Shih,762.0,Spain,Male,39,2,81273.13,1,1.0,1,18719.67,0,24,10/02/2023
679,15810978,Pugliesi,,Spain,female,70,1,0.0,2,1.0,1,41610.62,0,12,2024-10-01
957,15631681,JIBUNOH,807.0,SPAIN,Female,43,0,0.0,2,0.0,1,85523.24,0,0,01 Oct 2025
719,15696859,Oldham,474.0,France,Male,45,10,0.0,2,0.0,0,172175.9,0,120,2015-10-02
949,15783659,Blackburn,659.0,France,Male,67,4,145981.87,1,1.0,1,131043.2,0,48,2021/10/01
456,15733797,Sal,506.0,France,Male,36,5,0.0,2,1.0,0,164253.35,0,60,2020-10-01
396,15807432,Cheng,645.0,Unknown,Female,37,2,136925.09,2,0.0,1,153400.24,0,24,2023-10-02
568,15689614,Teng,687.0,Spain,Female,63,1,137715.66,1,1.0,1,37938.74,0,12,01-10-2024
697,15727299,edgar,445.0,  Spain  ,Male,62,1,64119.38,1,1.0,1,76569.64,1,12,2024-10-01
473,15635367,Muir,774.0,France,Male,26,2,93844.69,1,1.0,0,28415.36,0,24,2023-10-02
832,15726234,Trentini,708.0,  Spain  ,Female,41,5,0.0,1,0.0,1,157003.99,0,60,2020/10/01
460,15662976,Lettiere,637.0,Spain,Male,37,8,$0.00,1,1.0,1,186062.36,0,96,2017-10-01
690,15720649,ferdinand,641.0,France,Female,36,5,"$66,392.64",1,1.0,0,31106.67,0,60,01 Oct 2020
929,15677135,Lorenzo,520.0,Germany,Male,61,8,133802.29,2,1.0,1,90304.01,0,96,01-10-2017
351,15659420,  Foley  ,659.0,Spain,Male,32,3,107594.11,2,1.0,1,102416.84,0,36,02 Oct 2022
911,15599660,Bennett,604.0,France,Male,36,6,116229.85,2,1.0,1,79633.38,0,72,2019/10/02
847,15608968,Averyanov,900.0,Germany,M,21,6,86402.52,2,0.0,0,27330.59,0,72,02-10-2019
219,15659366,Shih,807.0,FRANCE,Male,43,1,105799.32,2,1.0,0,34888.04,1,12,2024/10/01
240,15795149,stevens,703.0,france,Male,28,2,81173.83,2,0.0,1,162812.16,0,24,2023-10-02
532,15749851,Brookes,702.0,Spain,Female,26,4,135219.57,1,0.0,1,59747.63,0,48,2021/10/01
782,15585595,Owens,774.0,France,Female,28,1,71264.02,2,0.0,1,68759.57,0,12,2024-10-01
193,15756850,Golovanov,479.0,France,Male,40,1,0.0,2,0.0,0,114996.43,0,12,10/01/2024
726,15672692,Yin,787.0,France,Female,42,10,145988.65,2,1.0,1,79510.37,0,120,2015/10/02
192,15771086,Graham,512.0,France, Female,36,3,84327.77,2,1.0,0,17675.36,0,36,02-10-2022
617,15719352,Davidson,754.0,Spain,Male,39,6,170184.99,2,1.0,0,89593.26,0,72,2019-10-02
378,15667871,Kerr,572.0,Spain,Male,35,4,152390.26,1,1.0,0,128123.66,0,48,10/01/2021
483,15750658,Obiuto,798.0,France,Male,37,8,0.0,3,0.0,0,110783.28,0,96,10/01/2017
133,15677871,Cocci,687.0,  France  ,male,38,9,122570.87,1,1.0,1,35608.88,0,108,01 Oct 2016
531,15736112,Walton,519.0,Spain,female,57,2,119035.35,2,1.0,1,29871.79,0,24,2023-10-02
253,15793726,Matveyeva,681.0,France,Female,79,0,0.0,2,0.0,1,170968.99,0,0,01 Oct 2025
684,15786905,Russo,749.0,Germany,F,40,8,141782.57,2,0.0,0,86333.63,0,96,2017-10-01
955,15660429,Ch'in,900.0,SPAIN,Female,42,2,156371.61,2,0.0,1,156774.94,1,24,10/02/2023
264,15673693,Reppert,682.0,France,Female,26,0,110654.02,1,0.0,1,111879.21,0,0,01-10-2025
71,15703793,Konovalova,738.0,N/A,Male,58,2,,4,1.0,0,28373.86,1,24,2023-10-02
273,15796505,Boyle,0.0,Germany, Female,34,1,149297.19,2,1.0,1,186339.74,0,12,01 Oct 2024
984,15807008,McGregor,614.0,Germany,female,35,6,,1,0.0,0,,1,72,02 Oct 2019
328,15736008,Hunter,644.0,France,Female,46,9,95441.27,1,1.0,0,"$108,761.05",1,108,01-10-2016
116,15675522,Ko,628.0,Germany,Female,30,9,132351.29,2,1.0,1,74169.13,0,108,2016/10/01
324,15585215,Yuan,763.0,France,Female,31,4,0.0,2,0.0,0,50404.72,0,48,01 Oct 2021
979,15799515,Wei,652.0,France,Female,48,8,133297.24,1,1.0,0,77764.37,0,96,01-10-2017
676,15754605,Jarvis,563.0,France,Female,39,5,$0.00,2,1.0,1,17603.81,0,60,2020-10-01
612,15603203,Avdeyeva,650.0,France,Female,27,6,0.0,2,1.0,0,1002.39,0,72,2019-10-02
490,15807709,Kirby,714.0,Germany,Female,55,9,180075.22,1,1.0,1,100127.71,0,108,01-10-2016
633,15718673,Mirams,839.0,spain,Female,33,10,75592.43,1,1.0,0,62674.42,0,120,2015-10-02
787,15605284,Outtrim,688.0,France,Male,26,1,0.0,2,1.0,1,104435.94,0,12,2024/10/01
454,15668444,  He  ,590.0,Spain,Female,44,3,139432.37,1,1.0,0,62222.81,0,36,02 Oct 2022
467,15663252,Olisanugo,850.0,Spain,Female,32,9,0.0,2,1.0,1,18924.92,0,108,2016-10-01
572,15730076,Osborne,651.0,France,Male,45,1,0.0,1,1.0,0,67740.08,1,12,2024-10-01
889,15702968,Artemieva,733.0,Germany,Male,74,3,106545.53,1,1.0,1,134589.58,0,36,2022/10/02
621,15682585,Guerra,593.0,France,male,35,9,114193.24,1,1.0,0,71154.1,0,108,2016-10-01
279,15683562,Allen,646.0,France,Male,35,6,84026.86,1,0.0,1,164255.69,0,72,02-10-2019
799,15570134,Padovano,683.0,France,Female,35,6,"$187,530.66",2,1.0,1,37976.36,0,72,10/02/2019
661,15592937,Napolitani,,Germany,Female,41,3,81877.38,1,1.0,1,"$33,642.21",0,36,02-10-2022
3,15619304,Onio,502.0,France,Female,42,8,159660.8,3,1.0,0,113931.57,1,96,2017/10/01
230,15605461,Lucas,594.0,Germany,Female,29,3,130830.22,1,1.0,0,61048.53,0,36,02 Oct 2022
474,15681705,Fanucci,785.0,France,M,28,8,0.0,2,1.0,0,77231.27,0,96,10/01/2017
944,15781465,Schofield,675.0,Germany,female,29,8,121326.42,1,1.0,0,133457.52,0,96,2017/10/01
910,15693814,Niu,806.0,Spain,Male,25,-1,0.0,2,1.0,0,18461.9,0,84,2018/10/02
872,15692750,McGregor,629.0,Germany,Female,45,7,129818.39,3,1.0,0,9217.55,1,84,2018/10/02
200,15811127,Volkov,521.0,France,M,35,-1,96423.84,1,1.0,0,10488.44,0,72,2019/10/02
372,15774696,Cole,,Germany,Female,75,1,106307.91,2,0.0,1,"$113,428.77",0,12,2024/10/01
874,15803764,Stanley,561.0,France,Male,28,7,$0.00,2,1.0,0,7797.01,0,84,2018/10/02
526,15786063,Chin,776.0,France,Female,31,2,0.0,2,1.0,1,112349.51,0,24,10/02/2023
66,15789484,Hammond,751.0,Germany,female,36,6,169831.46,2,1.0,1,27758.36,0,72,10/02/2019
971,15805955,L?,638.0,France,Female,48,10,138333.03,1,1.0,1,47679.14,0,120,2015-10-02
41,15619360,Hsiao,472.0,spain,Male,40,4,0.0,1,1.0,0,70154.22,0,48,10/01/2021
755,15685997,Azubuike,838.0,Spain,F,39,5,166733.92,2,1.0,0,14279.44,0,60,2020-10-01
492,15699005,Martin,710.0,France,Female,41,2,156067.05,1,1.0,1,9983.88,0,24,2023/10/02
983,15792360,Clark,668.0,France,Male,32,7,0.0,2,1.0,1,777.37,0,84,2018/10/02
514,15593601,Isayev,,France,Male,34,6,133598.4,1,1.0,1,13107.24,0,72,10/02/2019
963,15753831,Cox,642.0,  Spain  ,Male,32,7,100433.8,1,1.0,1,39768.59,0,84,02 Oct 2018
573,15622003,carslaw,745.0,France,Male,35,9,92566.53,2,1.0,0,161519.77,0,108,01 Oct 2016
274,15725166,Newton,707.0,france,Male,30,8,0.0,2,1.0,0,33159.37,0,96,10/01/2017
707,15776231,Kent,626.0,  Germany  ,male,35,4,88109.81,1,1.0,1,32825.5,0,48,10/01/2021
762,15582741,maclean,,France,Female,35,5,124151.09,1,1.0,0,88705.14,1,60,2020-10-01
501,15727688,Chizuoke,555.0,Spain,Male,32,4,0.0,2,1.0,1,54405.79,0,48,2021/10/01
770,15685329,McKenzie,531.0,France,Female,63,1,114715.71,1,0.0,1,24506.95,1,12,2024/10/01
178,15790355,Okechukwu,606.0,GERMANY,Male,36,5,190479.48,2,0.0,0,"$179,351.89",0,60,10/01/2020
301,15803976,Efremov,694.0,France, Female,31,10,0.0,2,1.0,0,160990.27,0,120,02-10-2015
38,15729599,Lorenzo,0.0,Spain, Male,33,7,76548.6,1,0.0,1,98453.45,0,84,02-10-2018
500,15677020,Selezneva,570.0,France,Female,58,8,0.0,1,0.0,1,116503.92,1,96,01 Oct 2017
203,15600974,He,516.0,Spain,Male,50,5,0.0,1,0.0,1,146145.93,1,60,10/01/2020
237,15711540,Pacheco,712.0,France,Female,29,2,0.0,1,1.0,1,144375.0,0,24,2023/10/02
150,15794413,HARRIS,416.0,France,Male,32,0,0.0,2,0.0,1,878.87,0,0,2025/10/01
218,15786308,Millar,730.0,Spain,female,33,9,0.0,2,0.0,0,176576.62,0,108,2016-10-01
686,15600337,Dobie,661.0,Spain,Male,42,2,,1,0.0,0,29358.57,1,24,2023-10-02
977,15570060,PALERMA,586.0,France,Female,43,8,132558.26,1,1.0,0,67046.83,1,96,01 Oct 2017
557,15705515,Lazarev,587.0,Germany,Male,40,5,138241.9,2,1.0,0,159418.1,0,60,01 Oct 2020
620,15646161,Steinhoff,673.0,Spain,Female,37,8,0.0,2,1.0,1,183318.79,0,96,10/01/2017
420,15615624,De Salis,605.0,France,Female,28,6,0.0,2,0.0,0,"$159,508.52",0,72,02 Oct 2019
303,15695699,Calabrese,687.0,France,Male,35,8,$0.00,2,1.0,0,10334.05,0,96,2017-10-01
871,15799422,Evans,535.0,France,Female,40,8,,1,1.0,1,27689.77,0,96,01 Oct 2017
931,15790782,Baryshnikov,661.0,Spain,Male,39,6,132628.98,1,0.0,0,38812.67,0,72,2019-10-02
680,15668886,Blakey,684.0,  Spain  ,Female,38,3,0.0,2,1.0,0,44255.65,0,36,02 Oct 2022
939,15668032,  Buchanan  ,,FRANCE,Female,37,4,0.0,1,1.0,1,,0,48,2021-10-01
389,15748936,Whitehead,709.0,spain,Female,45,2,0.0,2,0.0,1,162922.65,0,24,2023-10-02
860,15809087,Landry,,France,Male,64,1,0.0,2,1.0,0,195635.3,1,12,2024-10-01
388,15776433,Greco,730.0,Spain,Male,62,2,$0.00,2,1.0,1,186489.95,0,24,02 Oct 2023
545,15802593,Little,504.0,FRANCE,Female,49,7,0.0,3,0.0,1,87822.14,1,84,02 Oct 2018
391,15685226,Morrison,712.0,Germany,female,29,7,147199.07,1,1.0,1,84932.4,0,84,10/02/2018
794,15769504,Munro,743.0,Germany,Female,34,1,131736.88,1,1.0,1,108543.21,0,12,10/01/2024
353,15777352,Ikedinachukwu,568.0,Spain,Female,32,7,169399.6,1,1.0,0,61936.22,0,84,02 Oct 2018
194,15702741,  Potts  ,601.0,France,Male,32,8,93012.89,1,1.0,0,86957.42,0,96,01 Oct 2017
236,15772896,Dumetochukwu,,Germany,Male,42,6,100160.75,1,1.0,0,33462.94,1,72,02-10-2019
450,15658169,Cook,778.0,Spain,Female,47,6,127299.34,2,1.0,0,124694.99,0,72,02-10-2019
853,15677610,Chambers,511.0,Germany,Female,41,8,153895.65,1,1.0,1,39087.42,0,96,10/01/2017
56,15760861,Phillipps,619.0,France,Male,43,1,125211.92,1,1.0,1,113410.49,0,12,2024/10/01
588,15680998,Nwankwo,725.0,France,Male,44,5,0.0,1,1.0,1,117356.14,0,60,01 Oct 2020
97,15738721,Graham,773.0,spain,Male,41,9,102827.44,1,0.0,1,64595.25,0,108,2016/10/01
142,15724944,tien,663.0,  France  , Male,34,7,$0.00,2,1.0,1,180427.24,0,84,2018/10/02
708,15773809,Campbell,620.0,France,Male,42,4,0.0,2,1.0,0,6232.31,0,48,2021/10/01
875,15674840,Chiazagomekpere,645.0,  France  ,Female,38,5,101430.3,2,0.0,1,4400.32,0,60,01 Oct 2020
976,15685357,Wright,750.0,Spain,Female,36,8,"$112,940.07",1,0.0,1,9855.81,0,96,10/01/2017
578,15633922,Gray,755.0,France,Male,30,4,123217.66,2,0.0,1,144183.1,0,48,01 Oct 2021
121,15682472,Culbreth,828.0,France,Male,34,8,129433.34,2,0.0,0,38131.77,0,96,01-10-2017
867,15808017,Cary,545.0,France,Male,38,1,88293.13,2,1.0,1,24302.95,0,12,10/01/2024
725,15626742,Carpenter,694.0,France,male,36,3,97530.25,1,1.0,1,"$117,140.41",0,36,2022/10/02
63,15702014,Jeffrey,555.0,Spain,male,33,1,56084.69,2,0.0,0,178798.13,0,12,01 Oct 2024
769,15724296,Kerr,684.0,SPAIN,Male,41,2,119782.72,2,0.0,0,120284.67,0,24,2023/10/02
464,15773792,Evans,662.0,France,Female,32,4,133950.37,1,1.0,1,48725.68,1,48,2021/10/01
415,15810432,Moseley,795.0,Spain,Male,35,8,0.0,2,1.0,0,167155.36,0,96,2017-10-01
4,15701354,Boni,699.0,France,Female,39,1,0.0,2,0.0,0,93826.63,0,12,2024-10-01
59,15623944,T'ien,511.0,Spain,Female,66,4,$0.00,1,1.0,0,1643.11,1,48,01-10-2021
224,15733247,Stevenson,850.0,France,Male,33,10,0.0,1,1.0,0,4861.72,1,120,10/02/2015
626,15604119,Alderete,850.0,Spain,Male,35,7,110349.82,1,0.0,0,126355.8,0,84,02 Oct 2018
102,15743192,Hung,,  France  ,Female,44,6,0.0,2,0.0,0,167162.43,0,72,2019/10/02
730,15612525,Preston,499.0,France, Female,57,1,,1,,0,131372.38,1,12,2024-10-01
222,15787155,Yang,514.0,Spain,Male,30,7,0.0,1,0.0,1,125010.24,0,84,02 Oct 2018
774,15685320,Johnstone,767.0,  France  ,Male,36,3,139180.2,1,0.0,0,123880.19,0,36,2022-10-02
5,15737888,  Mitchell  ,850.0,Spain,F,43,2,125510.82,1,1.0,1,"$79,084.10",0,24,02 Oct 2023
53,15683553,O'Brien,788.0,France, Female,33,5,0.0,2,,0,116978.19,0,60,10/01/2020
18,15788218,Henderson,549.0,Spain,Female,24,9,0.0,2,1.0,1,14406.41,0,108,01 Oct 2016
975,15705620,Lu,730.0,France,Male,34,5,"$122,453.37",2,1.0,0,138882.98,0,60,01-10-2020
923,15753337,Yeates,555.0,France,Male,51,5,0.0,3,1.0,0,189122.89,1,60,01-10-2020
307,15594898,hewitt,731.0,France,Male,43,2,0.0,1,1.0,1,,1,24,10/02/2023
673,15721024,Wickens,642.0,France,Male,26,0,0.0,1,0.0,0,47472.68,0,0,01 Oct 2025
156,15679145,Chou,706.0,Spain,Male,57,7,0.0,1,1.0,0,17941.16,1,84,2018/10/02
733,15723873,Ponomarev,657.0,Spain,Male,31,3,125167.02,1,0.0,0,98820.39,0,36,02 Oct 2022
687,15801277,Maccallum,715.0,France,female,31,2,112212.14,2,1.0,1,"$181,600.72",0,24,10/02/2023
650,15703119,Liang,652.0,France,Male,38,6,0.0,2,1.0,1,145700.22,0,72,2019/10/02
249,15657566,Wieck,634.0,Germany,Male,24,8,103097.85,1,1.0,1,157577.29,0,96,2017-10-01
250,15772423,Liao,739.0,Germany,Male,54,8,126418.14,1,1.0,0,134420.75,1,96,2017-10-01
359,15633950,Yen,737.0,France,Male,41,1,101960.74,1,1.0,1,123547.28,0,12,2024/10/01
486,15637954,Lewis,730.0,France,female,35,0,,1,1.0,1,53718.28,0,0,2025/10/01
431,15597602,Nwachinemelu,619.0,Germany,Male,57,3,137946.39,1,1.0,1,"$72,467.99",1,36,10/02/2022
442,15611088,Genovese,790.0,  France  ,Female,31,9,0.0,2,1.0,0,84126.75,0,108,01 Oct 2016
827,15660535,Avent,680.0,France,F,47,5,0.0,2,1.0,1,179843.33,0,60,01 Oct 2020
861,15807663,McGregor,900.0,France,Male,43,8,190227.46,1,1.0,0,,1,96,01 Oct 2017
31,15589475,Azikiwe,591.0,Spain,Female,39,3,0.0,3,1.0,0,140469.38,1,36,2022/10/02
282,15669169,Hargreaves,775.0,Spain,Male,29,10,0.0,2,1.0,1,68143.93,0,120,02-10-2015
685,15747867,Trevisani,583.0,France,Male,24,9,135125.28,1,0.0,0,"$89,801.90",0,108,2016/10/01
982,15566156,Franklin,749.0,Germany,Female,44,0,71497.79,2,0.0,0,151083.8,0,0,01-10-2025
118,15698028,Duncan,506.0,France,Female,41,1,0.0,2,1.0,0,31766.3,0,12,2024-10-01
535,15567832,Shih,550.0,  France  ,Female,40,7,114354.95,1,1.0,0,54018.93,0,84,02-10-2018
117,15705512,Welch,668.0,  Germany  ,Female,37,6,167864.4,1,1.0,0,115638.29,0,72,2019-10-02
527,15600258,Chesnokova,701.0,France,Male,43,2,0.0,2,1.0,1,165303.79,0,24,02-10-2023
675,15642394,He,529.0,  Spain  ,Male,35,5,0.0,2,1.0,1,187288.5,0,60,01 Oct 2020
292,15607098,Ahmed,747.0,SPAIN,Female,41,5,94521.17,2,,0,194926.86,0,60,10/01/2020
28,15700772,Nebechi,571.0,France,Male,44,9,0.0,2,0.0,0,38433.35,0,108,01 Oct 2016
382,15591509,Milano,690.0,France,Male,36,7,101583.11,2,1.0,0,123775.15,0,84,2018-10-02
308,15660211,Shih,629.0,Germany,Male,35,7,156847.29,2,1.0,0,31824.29,0,84,10/02/2018
672,15674991,Kao,667.0,France,Male,42,9,0.0,2,0.0,1,58137.42,0,108,01 Oct 2016
604,15592387,Burke,566.0,FRANCE,male,30,5,0.0,1,1.0,0,,1,60,10/01/2020
201,15604482,CHIEMEZIE,850.0,Spain,Male,30,2,141040.01,1,1.0,1,5978.2,0,24,02 Oct 2023
579,15734674,Lin,593.0,France,Female,41,6,$0.00,1,1.0,0,65170.66,0,72,2019-10-02
386,15720910,Black,560.0,France,Female,66,9,0.0,1,,1,15928.49,0,108,2016-10-01
723,15736879,Obinna,669.0,France,Male,23,1,0.0,2,0.0,0,66088.83,0,12,2024-10-01
834,15625881,Koehler,634.0,,Male,37,3,111432.77,2,1.0,1,167032.49,0,36,02 Oct 2022
918,15719856,Lamb,646.0,France,Female,45,3,"$47,134.75",1,1.0,1,57236.44,0,36,02 Oct 2022
806,15756026,Hooper,790.0,Spain,Female,46,9,0.0,1,0.0,0,14679.81,1,108,01 Oct 2016
710,15734886,Mazzi,686.0,France,Female,34,3,123971.51,2,1.0,0,147794.63,0,36,2022/10/02
315,15631868,Robertson,744.0,Spain,Male,36,2,,1,1.0,1,87213.33,0,24,02 Oct 2023
510,15598883,King,599.0,Spain,Female,37,2,0.0,2,1.0,1,143739.29,0,24,02 Oct 2023
281,15668893,Wilsmore,,France,Male,39,8,$0.00,2,1.0,1,33949.67,0,96,2017-10-01
966,15602084,Coles,663.0,FRANCE,Female,42,5,"$124,626.07",1,1.0,1,78004.5,0,60,10/01/2020
777,15712551,Shen,622.0,Germany,Female,58,7,116922.25,1,1.0,0,120415.61,1,84,2018-10-02
354,15812007,Power,670.0,Spain,Male,25,6,0.0,2,1.0,1,78358.94,0,72,2019/10/02
654,15664610,Campbell,459.0,Germany, Male,48,4,133994.52,1,1.0,1,19287.06,1,48,2021/10/01
208,15679531,Collins,618.0,France,Male,34,5,134954.53,1,1.0,1,151954.39,0,60,01-10-2020
380,15629677,Distefano,687.0,Spain,Female,39,2,0.0,3,0.0,0,188150.6,1,24,2023/10/02
838,15589488,Ch'eng,686.0,Germany,Female,56,5,111642.08,1,1.0,1,80553.87,0,60,01-10-2020
413,15686302,Fisk,745.0,Spain,Female,31,3,124328.84,1,1.0,1,140451.52,0,36,2022-10-02
803,15681554,Alley,614.0,Germany,Female,31,7,120599.38,2,1.0,1,46163.44,0,84,02-10-2018
24,15725737,Mosman,669.0,France,Male,46,3,0.0,2,0.0,1,8487.75,0,36,10/02/2022
341,15745844,Kerr,642.0,germany,Female,40,6,129502.49,2,0.0,1,86099.23,1,72,02 Oct 2019
990,15681206,hsing,722.0,France,Female,49,3,168197.66,1,1.0,0,140765.57,1,36,02-10-2022
747,15787619,Hsieh,844.0,France,Male,18,2,160980.03,1,0.0,0,145936.28,0,24,2023-10-02
155,15709368,Milne,614.0,France,Female,43,6,0.0,2,1.0,1,"$109,041.53",0,72,02-10-2019
873,15794549,Andrews,722.0,FRANCE,Female,35,2,163943.89,2,1.0,1,15068.18,0,24,02 Oct 2023
564,15665956,Pendergrass,509.0,France,Female,46,1,0.0,1,1.0,0,71244.59,1,12,2024/10/01
737,15794278,Romani,816.0,Spain,Male,67,6,151858.98,1,1.0,1,72814.31,0,72,02 Oct 2019
797,15668747,Virgo,702.0,France,Female,46,9,"$98,444.19",1,0.0,1,109563.28,0,108,01-10-2016
323,15694408,Lung,749.0,France,Male,40,1,139290.41,1,1.0,0,182855.42,1,12,01-10-2024
610,15586585,Duncan,698.0,germany,Female,51,2,111018.98,1,1.0,0,86410.28,0,24,10/02/2023
598,15567446,Coffman,646.0,  Germany  ,M,39,9,111574.41,1,1.0,1,30838.51,0,108,2016/10/01
83,15641732,Mills,543.0,France,Female,36,3,0.0,2,0.0,0,26019.59,0,36,02-10-2022
816,15619708,Harker,745.0,France,Male,25,5,157993.15,2,1.0,0,146041.45,0,60,2020-10-01
465,15613786,Ogbonnaya,818.0,Spain,M,26,4,0.0,2,1.0,1,167036.94,0,48,2021-10-01
558,15634844,Miller,598.0,GERMANY,Male,41,3,91536.93,1,1.0,0,191468.78,1,36,10/02/2022
334,15728669,Knowles,584.0,  Germany  ,Female,30,8,112013.81,1,1.0,0,177772.03,1,96,01-10-2017
11,15767821,BEARCE,528.0,France,Male,31,6,102016.72,2,0.0,0,80181.12,0,72,02 Oct 2019
471,15759298,Shih,631.0,Spain,Male,27,10,134169.62,1,1.0,1,176730.02,0,120,2015/10/02
33,15750181,Sanderson,553.0,  Germany  ,Male,41,9,110112.54,2,0.0,0,81898.81,0,108,2016-10-01
603,15782569,Stout,687.0,France,Female,72,9,0.0,1,0.0,1,,0,108,01 Oct 2016
890,15600462,Barwell,542.0,France,Female,43,8,145618.37,1,0.0,1,10350.74,0,96,2017-10-01
383,15568240,Ting,492.0,Germany,Female,30,10,77168.87,2,0.0,1,146700.22,0,120,10/02/2015
779,15797227,Otutodilinna,754.0,France,Male,28,8,0.0,2,1.0,1,52615.62,0,96,2017/10/01
864,15614215,Oguejiofor,717.0,  France  ,Male,53,6,0.0,2,0.0,1,97614.87,0,72,02-10-2019
914,15655961,Palermo,756.0,Germany,male,27,1,131899.0,1,1.0,0,93302.29,0,12,2024-10-01
922,15743411,Chiawuotu,609.0,Spain,Male,61,1,,1,1.0,0,22447.85,1,12,01-10-2024
379,15677371,Ko,629.0,spain,Female,30,2,34013.63,1,1.0,0,19570.63,0,24,02-10-2023
90,15767954,Osborne,635.0,Germany,Female,28,3,81623.67,2,1.0,1,156791.36,0,36,2022/10/02
214,15594917,Miller,676.0,France,Female,34,1,,1,1.0,1,40645.81,0,12,01-10-2024
850,15725811,Lim,705.0,France,Male,25,0,"$97,544.29",1,0.0,1,59887.15,0,0,10/01/2025
134,15642004,Alekseeva,686.0,  France  ,Male,25,1,0.0,2,0.0,1,16459.37,0,12,2024/10/01
347,15658935,Freeman,630.0,Germany,Female,34,9,106937.05,2,1.0,0,138275.01,0,108,2016/10/01
8,15656148,Obinna,376.0,Germany,F,29,4,115046.74,4,1.0,0,"$119,346.88",1,48,01-10-2021
625,15745307,Ch'iu,477.0,Spain,Female,48,2,129120.64,1,0.0,1,26475.79,0,24,2023/10/02
321,15810834,gordon,525.0,Spain,Female,57,2,"$145,965.33",1,1.0,1,64448.36,0,24,10/02/2023
791,15763431,Echezonachukwu,698.0,France,Male,36,2,82275.35,2,1.0,1,93249.26,0,24,10/02/2023
188,15708710,Ford,525.0,Spain,Female,37,0,0.0,1,0.0,1,131521.72,0,0,01-10-2025
305,15812191,Brennan,553.0,France,Male,33,4,118082.89,1,0.0,0,94440.45,0,48,01-10-2021
32,15706552,Odinakachukwu,533.0,France,Male,36,7,85311.7,1,0.0,1,156731.91,0,84,2018/10/02
619,15594594,LOGGIA,546.0,Spain,male,42,7,139070.51,1,1.0,1,86945.0,0,84,10/02/2018
241,15812009,Grant,662.0,Spain,Male,38,4,0.0,2,1.0,0,136259.65,0,48,2021/10/01
735,15612966,MILANI,545.0,Germany,F,60,7,128981.07,1,0.0,1,176924.21,1,84,02-10-2018
175,15625524,Rowe,,France,male,40,5,0.0,2,1.0,1,146457.83,0,60,01 Oct 2020
246,15797219,Ifesinachi,635.0,France,Female,40,10,123497.58,1,1.0,0,131953.23,1,120,2015/10/02
57,15630053,Tsao,656.0,  France  ,Male,45,5,,1,1.0,0,87107.57,0,60,01 Oct 2020
759,15647099,Ts'ui,633.0,France,Female,37,9,156091.97,1,1.0,0,72008.61,0,108,01 Oct 2016
146,15800703,Madukwe,485.0,Spain, Female,21,5,113157.22,1,1.0,1,54141.5,0,60,01-10-2020
91,15757535,Heap,647.0,Spain,Female,44,5,,3,1.0,1,174205.22,1,60,10/01/2020
393,15573456,Cunningham,648.0,Spain,Male,46,9,127209.0,2,,0,77405.95,1,108,01 Oct 2016
311,15712287,Pokrovskii,652.0,France,Female,80,4,0.0,2,1.0,1,188603.07,0,48,01 Oct 2021
360,15592386,Campbell,520.0,France,Male,58,3,0.0,2,0.0,1,32790.02,0,36,10/02/2022
94,15640635,Capon,769.0,France, Male,29,8,,2,1.0,1,172290.61,0,96,01-10-2017
700,15736534,Elkins,742.0,Germany,Male,33,0,181656.51,1,1.0,1,107667.91,0,0,2025-10-01
758,15815364,  Ashley  ,736.0,Spain,Female,28,2,0.0,2,1.0,1,117431.1,0,24,02-10-2023
377,15583456,Gardiner,745.0,  Germany  ,Male,45,10,117231.63,3,1.0,1,122381.02,1,120,10/02/2015
244,15596175,McIntosh,659.0,Germany,Male,67,6,"$117,411.60",1,1.0,1,45071.09,1,72,10/02/2019
870,15710424,Page,435.0,France,Male,36,4,0.0,1,1.0,1,197015.2,0,48,2021-10-01
88,15625759,Rowley,729.0,France,Male,30,9,0.0,2,1.0,0,151869.35,0,108,2016-10-01
215,15785542,Kornilova,572.0,Germany,Male,26,4,"$118,287.01",2,0.0,0,60427.3,0,48,2021/10/01
992,15806926,Watson,615.0,France,Female,35,2,97440.02,2,1.0,1,139816.1,0,24,2023/10/02
174,15586310,Ting,578.0,  France  ,Male,30,4,169462.09,1,1.0,0,112187.11,0,48,01-10-2021
426,15784597,Lattimore,648.0,France, Male,26,9,"$162,923.85",1,1.0,0,98368.24,0,108,2016-10-01
783,15654060,  P'eng  ,517.0,France, Male,41,2,0.0,2,0.0,1,75937.47,0,24,02-10-2023
119,15661670,CHIDOZIE,524.0,Germany,Female,31,8,107818.63,1,1.0,0,199725.39,1,96,2017-10-01
120,15600781,wu,699.0,Germany,Male,34,4,185173.81,2,1.0,0,120834.48,0,48,10/01/2021
644,15640078,Chambers,660.0,GERMANY,Female,39,5,135134.99,1,1.0,0,173683.0,1,60,2020-10-01
1,15634602,Hargrave,619.0,France,Female,42,2,0.0,1,1.0,1,101348.88,1,24,2023/10/02
395,15620505,Celis,594.0,Spain,Female,24,0,97378.54,1,1.0,1,71405.17,0,0,2025/10/01
402,15747795,Pai,593.0,Germany,Female,38,4,129499.42,1,1.0,1,"$154,071.27",0,48,01-10-2021
405,15642291,Fontaine,685.0,France,Male,23,8,0.0,2,1.0,1,112239.03,0,96,2017/10/01
624,15773456,Lazareva,678.0,Germany,Male,36,3,"$145,747.67",2,0.0,1,89566.74,0,36,10/02/2022
631,15712403,McMillan,589.0,France,female,61,1,0.0,1,1.0,0,61108.56,1,12,01 Oct 2024
163,15630910,Treacy,800.0,France,Female,49,7,108007.36,1,,0,47125.11,0,84,2018/10/02
115,15609618,Fanucci,721.0,Germany,Male,28,9,154475.54,2,0.0,1,101300.94,1,108,01 Oct 2016
151,15650237,Morgan,754.0,Spain,Female,32,7,0.0,2,1.0,0,89520.75,0,84,02-10-2018
886,15721935,Kincaid,521.0,France,Male,25,7,0.0,2,1.0,1,157878.67,0,84,10/02/2018
586,15718057,Onyinyechukwuka,760.0,FRANCE,Female,51,2,100946.71,1,0.0,0,"$179,614.80",1,24,2023/10/02
734,15744607,Martin,738.0,Germany,male,43,9,121152.05,2,1.0,0,64166.7,1,108,10/01/2016
369,15684042,Blair,636.0,Germany,Male,150,2,40105.51,2,0.0,1,,0,24,2023/10/02
544,15705953,Kodilinyechukwu,721.0,Spain,M,51,0,169312.13,1,1.0,0,109078.35,1,0,10/01/2025
478,15809722,Ankudinov,611.0,France,Female,40,8,100812.33,2,1.0,0,147358.27,0,96,2017/10/01
533,15663478,Baldwin,729.0,France,Male,32,6,93694.42,1,1.0,1,79919.13,0,72,10/02/2019
998,15608114,MANFRIN,587.0,Spain,Male,62,7,121286.27,1,0.0,1,6776.92,0,84,10/02/2018
596,15680970,Lombardi,611.0,Germany,Female,41,2,114206.84,1,1.0,0,164061.6,0,24,10/02/2023
969,15641009,Wilhelm,544.0,France,Male,0,3,84496.71,1,0.0,0,79972.09,0,36,2022-10-02
259,15750803,Jess,693.0,France,female,30,6,"$127,992.25",1,1.0,1,50457.2,0,72,02 Oct 2019
972,15801488,Buckner,723.0,,Male,-1,3,0.0,2,1.0,1,"$134,509.47",0,36,2022/10/02
136,15584518,Arthur,589.0,Germany,Female,50,5,144895.05,2,1.0,1,34941.23,0,60,2020/10/01
935,15790299,Williamson,592.0,Spain,Male,37,9,0.0,3,1.0,1,10656.89,0,108,2016-10-01
643,15809663,DONALDSON,583.0,France,Female,27,-1,125406.58,1,1.0,1,110784.42,0,12,01-10-2024
593,15679587,Chan,666.0,France,female,34,9,"$115,897.12",1,1.0,1,25095.03,0,108,10/01/2016
805,15640280,cameron,850.0,France,Male,39,4,127771.35,2,0.0,1,151738.54,0,48,01-10-2021
502,15715941,Lueck,692.0,France, Male,54,5,0.0,2,1.0,1,88721.84,0,60,01-10-2020
539,15794142,Ferreira,564.0,Germany,Female,62,5,"$114,931.35",3,0.0,1,18260.98,1,60,2020-10-01
702,15659098,Toscano,669.0,France,Male,30,7,"$95,128.86",1,0.0,0,19799.26,0,84,2018/10/02
582,15737741,McKay,607.0,Spain,Female,33,2,108431.87,2,0.0,1,109291.39,1,24,10/02/2023
344,15684484,White,543.0,  France  ,Male,22,8,0.0,2,0.0,0,127587.22,0,96,2017-10-01
683,15775238,Achebe,1000.0,Germany, Female,41,4,133432.59,1,0.0,1,151303.48,0,48,2021/10/01
814,15775306,Ni,421.0,Germany,M,28,8,122384.22,3,1.0,1,89017.38,1,96,10/01/2017
294,15590241,Chuang,750.0,Spain,Female,34,9,112822.26,1,0.0,0,150401.53,1,108,01 Oct 2016
365,15676715,  Madukaego  ,640.0,FRANCE,Male,68,9,0.0,2,1.0,1,199493.38,0,108,01 Oct 2016
636,15633648,Jideofor,696.0,Spain,Female,51,5,0.0,2,1.0,0,55022.43,0,60,2020/10/01
15,15600882,Scott,635.0,  Spain  ,Female,35,7,0.0,2,1.0,1,65951.65,0,84,2018-10-02
87,15762418,Gant,750.0,Spain,Male,22,3,121681.82,1,1.0,0,128643.35,1,36,02 Oct 2022
371,15611579,Sutherland,801.0,Spain,Male,42,4,141947.67,1,1.0,1,10598.29,0,48,2021-10-01
166,15585388,Sherman,660.0,Germany,Male,31,9,125189.75,2,1.0,1,139874.43,0,108,10/01/2016
891,15768104,Wright,788.0,SPAIN,Male,37,8,141541.25,1,0.0,0,66013.27,0,96,2017/10/01
336,15697441,Hsueh,485.0,,Male,29,7,"$182,123.79",1,1.0,0,116828.51,1,84,2018-10-02
60,15804771,Velazquez,614.0,France,Male,51,4,40685.92,1,1.0,1,46775.28,0,48,01 Oct 2021
355,15625461,Amos,613.0,France,Female,45,1,187841.99,2,,1,147224.27,0,12,01-10-2024
425,15566111,Estes,596.0,France,Male,39,9,0.0,1,1.0,0,48963.59,0,108,01 Oct 2016
293,15655774,  Booth  ,583.0,France,M,27,7,0.0,2,1.0,0,51285.49,0,84,2018/10/02
42,15738148,Clarke,465.0,France,Female,51,8,122522.32,1,,0,181297.65,1,96,2017-10-01
330,15624528,L?,664.0,Germany,Male,26,7,116244.14,2,1.0,1,95145.14,0,84,2018/10/02
615,15660271,Duncan,688.0,Germany,Male,26,8,146133.39,1,1.0,1,175296.76,0,96,2017-10-01
430,15806467,BOYLE,568.0,Germany,Male,40,1,99282.63,1,0.0,0,134600.94,1,12,2024-10-01
80,15803136,Postle,416.0,GERMANY,Female,41,10,122189.66,2,1.0,0,98301.61,0,120,02 Oct 2015
29,15728693,McWilliams,574.0,Germany,female,43,3,141349.43,1,1.0,1,100187.43,0,36,10/02/2022
255,15665834,Cheatham,696.0,Spain,Male,28,8,,1,0.0,0,176713.47,0,96,10/01/2017
757,15637979,fuller,664.0,GERMANY,female,36,2,127160.78,2,1.0,0,78140.75,0,24,2023-10-02
459,15707362,Yin,514.0,GERMANY,Male,43,1,95556.31,1,0.0,1,199273.98,1,12,2024-10-01
384,15622993,Boyd,709.0,Germany,Male,28,8,124695.72,2,1.0,0,145251.35,0,96,2017/10/01
314,15797960,SKINNER,806.0,Germany,Female,59,0,"$135,296.33",1,1.0,0,182822.5,0,0,2025-10-01
85,15738751,Beit,493.0,France,Female,46,4,0.0,2,1.0,0,1907.66,0,48,01-10-2021
575,15644753,Hung,848.0,Spain,Male,40,3,110929.96,1,1.0,1,30876.84,0,36,10/02/2022
137,15802381,Li,,Germany,Female,34,5,63663.93,1,0.0,1,167784.28,0,60,01-10-2020
112,15665790,Rowntree,538.0,Germany,Male,39,7,108055.1,2,1.0,0,27231.26,0,84,10/02/2018
195,15679200,Crawford,580.0,Spain,male,29,9,61710.44,2,1.0,0,128077.8,0,108,2016/10/01
179,15762615,Campbell,597.0,Spain,Female,40,8,101993.12,1,0.0,1,94774.12,0,96,01 Oct 2017
895,15669987,Sung,728.0,Germany,Female,35,8,125884.95,2,1.0,0,54359.02,1,96,2017-10-01
497,15662403,Kryukova,622.0,France,Female,32,6,"$169,089.38",2,1.0,0,101057.95,0,72,02 Oct 2019
130,15591607,Fernie,770.0,France,Male,24,9,101827.07,1,1.0,0,"$167,256.35",0,108,2016/10/01
338,15648064,KENNEDY,649.0,France,Male,33,2,0.0,2,1.0,0,2010.98,0,24,02 Oct 2023
609,15607170,Boyle,699.0,France,Male,35,5,0.0,2,1.0,1,78397.24,0,60,01 Oct 2020
125,15779659,Zetticci,625.0,France,Female,28,3,0.0,1,0.0,0,183646.41,0,36,10/02/2022
970,15605926,Sinclair,649.0,Germany, Male,70,9,116854.71,2,0.0,1,107125.79,0,108,2016/10/01
227,15774393,Ch'ien,694.0,France,Female,30,9,0.0,2,1.0,1,26960.31,0,108,01-10-2016
269,15717398,Fielding,549.0,Spain,Female,39,7,0.0,1,0.0,0,"$81,259.25",1,84,10/02/2018
987,15655339,Spencer,,France,Male,36,1,142120.91,1,1.0,0,79616.37,0,12,2024/10/01
89,15622897,Sharpe,646.0,France,Female,46,4,0.0,3,1.0,0,93251.42,1,48,2021/10/01
104,15776605,Bradley,528.0,Spain,Male,36,7,0.0,2,1.0,0,60536.56,0,84,10/02/2018
594,15775153,Buchi,630.0,SPAIN,Male,32,4,82034.0,1,0.0,0,146326.45,0,48,01 Oct 2021
862,15809100,Nucci,548.0,France,Female,32,2,,1,1.0,0,188083.77,1,24,02 Oct 2023
664,15788659,Howells,695.0,France,Male,46,4,0.0,2,1.0,1,137537.22,0,48,2021/10/01
228,15676895,Cattaneo,547.0,Germany,Female,39,6,74596.15,3,1.0,1,85746.52,1,72,2019-10-02
893,15585255,Moore,577.0,France,Male,42,9,0.0,1,1.0,0,74077.91,0,108,01-10-2016
302,15682541,hartley,616.0,Spain,Female,36,6,132311.71,1,0.0,0,15462.84,0,72,10/02/2019
276,15758685,Dubinina,706.0,Spain,Female,37,7,0.0,2,1.0,1,110899.3,0,84,02 Oct 2018
127,15671137,MacDonald,549.0,France,female,52,1,0.0,1,0.0,1,8636.05,1,12,2024/10/01
406,15692761,Pratt,718.0,France,Male,36,9,0.0,1,1.0,0,"$45,909.87",0,108,2016-10-01
899,15654700,Fallaci,523.0,France,Female,40,2,102967.41,1,1.0,0,128702.1,1,24,10/02/2023
37,15788448,Watson,490.0,spain,Male,31,3,145260.23,1,0.0,1,114066.77,0,36,2022-10-02
140,15640905,VASIN,579.0,Spain,Female,35,1,129490.36,2,0.0,1,8590.83,1,12,2024/10/01
304,15624188,Chiu,712.0,France, Female,33,6,0.0,2,1.0,1,190686.16,0,72,02-10-2019
268,15777076,Clark,651.0,France,Male,36,7,0.0,2,1.0,0,"$13,898.31",0,84,2018/10/02
534,15592300,Mai,543.0,  Spain  ,male,35,10,59408.63,1,1.0,0,76773.53,0,120,2015-10-02
546,15615457,Burns,842.0,SPAIN,Female,44,2,112652.08,2,1.0,0,126644.98,0,24,10/02/2023
213,15573152,GLASSMAN,620.0,France,Female,41,9,0.0,2,0.0,0,88852.47,0,108,01 Oct 2016
469,15633283,  Padovano  ,536.0,France,Male,35,8,0.0,2,1.0,0,,0,96,01 Oct 2017
199,15656176,Jenkins,501.0,france,male,57,10,0.0,2,1.0,1,"$47,847.19",0,120,02-10-2015
528,15573318,Kung,,N/A,Male,26,8,0.0,2,1.0,0,166031.08,0,96,2017-10-01
801,15747542,Perez,605.0,France,Male,52,7,0.0,2,1.0,1,173952.5,0,84,10/02/2018
242,15651001,TSAO,725.0,Germany,Female,39,5,"$116,803.80",1,1.0,0,124052.97,0,60,2020/10/01
343,15681081,Marrero,545.0,Spain,Female,47,5,0.0,2,1.0,1,38970.14,0,60,01-10-2020
550,15600651,Ijendu,,France,Male,24,1,0.0,3,1.0,1,47911.03,0,12,10/01/2024
387,15721181,Oliver,611.0,Spain,male,46,6,0.0,2,1.0,0,45886.33,0,72,2019/10/02
868,15756804,O'Loghlen,636.0,France,Female,48,1,170833.46,1,1.0,0,"$110,510.28",1,12,01 Oct 2024
207,15755262,McDonald,608.0,Spain,female,41,3,89763.84,1,0.0,0,,1,36,10/02/2022
296,15723654,Tsao,900.0,France,M,25,2,135903.33,1,1.0,0,73656.38,0,24,10/02/2023
778,15628936,Archer,692.0,spain,Male,28,9,118945.09,1,0.0,0,"$16,064.25",1,108,2016/10/01
74,15779052,Ballard,604.0,Germany,Female,25,5,157780.84,2,1.0,1,58426.81,0,60,2020/10/01
753,15677305,Hsieh,490.0,France,Female,35,7,107749.03,1,1.0,1,3937.37,0,84,02-10-2018
105,15804919,Dunbabin,670.0,Spain,Female,65,1,0.0,1,1.0,1,177655.68,1,12,2024-10-01
696,15748625,Napolitano,664.0,France,male,57,6,0.0,2,1.0,1,15304.08,0,72,2019/10/02
717,15677369,Golubov,554.0,Germany,Female,37,4,58629.97,1,0.0,0,182038.6,0,48,2021/10/01
974,15779711,Gray,,Spain, Female,38,7,97257.41,2,0.0,1,179883.04,0,84,02-10-2018
17,15737452,Romeo,653.0,Germany,Male,58,1,132602.88,1,1.0,0,"$5,097.67",1,12,01 Oct 2024
440,15690134,Hughes,464.0,Germany,Female,42,3,85679.25,1,1.0,1,164104.74,0,36,02 Oct 2022
92,15731511,Ritchie,808.0,France,Male,45,7,118626.55,2,1.0,0,147132.46,0,84,02-10-2018
89,15622897,Sharpe,646.0,France,Female,46,4,0.0,3,1.0,0,93251.42,1,48,2021/10/01
451,15794396,Newbold,494.0,Germany,Female,38,7,174937.64,1,1.0,0,40084.32,0,84,10/02/2018
103,15580146,Hung,738.0,France,M,31,9,82674.15,1,1.0,0,41970.72,0,108,2016-10-01
239,15794056,  Johnston  ,668.0,France,Female,46,2,0.0,3,1.0,0,89048.46,1,24,10/02/2023
729,15654238,  Jen  ,673.0,France,Female,40,5,137494.28,1,1.0,0,81753.92,0,60,01-10-2020
247,15685500,Glazkov,772.0,Germany,Male,26,7,152400.51,2,1.0,0,79414.0,0,84,10/02/2018
721,15721658,Fleming,672.0,Spain, Female,56,2,209767.31,2,1.0,1,150694.42,1,24,02 Oct 2023
158,15623595,Clayton,586.0,SPAIN,Female,28,2,0.0,2,1.0,1,92067.35,0,24,10/02/2023
480,15797736,Smith,658.0,  France  ,M,29,4,80262.6,1,1.0,1,20612.82,0,48,2021/10/01
646,15569807,Ejimofor,673.0,France,Female,34,8,42157.08,1,1.0,0,20598.59,1,96,01 Oct 2017
854,15745012,Pettit,653.0,France,Female,43,6,0.0,2,1.0,1,7330.59,0,72,2019/10/02
830,15639788,Yuan,577.0,France,Female,39,10,0.0,2,1.0,0,10553.31,0,120,02-10-2015
19,15661507,Muldrow,587.0,Spain,Male,45,6,0.0,1,0.0,0,158684.81,0,72,02 Oct 2019
713,15629448,Brady,632.0,Spain,Male,38,1,120599.21,1,1.0,0,92816.86,0,12,01-10-2024
122,15580203,Kennedy,674.0,Spain,Male,39,6,120193.42,1,0.0,0,100130.95,0,72,02 Oct 2019
844,15672012,Jen,773.0,Spain,Female,41,5,0.0,1,1.0,0,28266.9,1,60,01 Oct 2020
826,15660602,Ch'eng,464.0,Germany,Male,33,8,164284.72,2,1.0,1,3710.34,0,96,01-10-2017
275,15800116,Bowman,712.0,germany,Male,28,4,145605.44,1,0.0,1,"$93,883.53",0,48,2021-10-01
434,15595039,Manna,545.0,Germany, Female,37,8,114754.08,1,1.0,0,136050.44,1,96,2017/10/01
906,15675964,Chukwukadibia,672.0,France,Female,45,9,0.0,1,1.0,1,92027.69,1,108,01 Oct 2016
312,15702919,Collins,729.0,Germany,Male,30,6,"$63,669.42",1,1.0,0,145111.37,0,72,2019/10/02
766,15812351,  Beluchi  ,710.0,Spain, Female,27,2,135277.96,1,1.0,0,142200.15,0,24,02 Oct 2023
843,15599433,Fanucci,660.0,Germany,Male,35,8,58641.43,1,0.0,1,198674.08,0,96,01-10-2017
547,15708916,Paterson,587.0,France,Male,38,0,0.0,2,1.0,0,47414.15,0,0,01-10-2025
182,15789669,Hsia,510.0,France,Male,65,2,0.0,2,1.0,1,48071.61,0,24,02 Oct 2023
185,15719377,Cocci,804.0,France,F,50,4,0.0,1,1.0,1,8546.87,1,48,2021/10/01
407,15578045,Mitchell,538.0,Spain,Female,49,9,141434.04,1,0.0,0,173779.25,1,108,2016-10-01
607,15661249,Bellucci,699.0,France,Male,53,4,0.0,2,0.0,1,111307.98,0,48,10/01/2021
693,15665238,Beneventi,745.0,Germany,Male,36,8,,1,0.0,0,6078.46,0,96,2017-10-01
521,15671256,macartney,850.0,France,Female,35,1,211774.31,1,1.0,0,188574.12,1,12,2024/10/01
381,15713578,Farrell,483.0,France,Female,50,9,0.0,2,1.0,1,111020.24,0,108,01 Oct 2016
411,15566594,McKenzie,709.0,Spain,Male,23,10,0.0,2,0.0,0,129590.18,0,120,2015/10/02
635,15738181,Douglas,850.0,France,Male,31,6,67996.23,2,0.0,0,50129.87,1,72,2019/10/02
370,15583303,Monaldo,593.0,France,Female,29,2,152265.43,1,1.0,0,34004.44,0,24,2023-10-02
818,15806438,Chiabuotu,580.0,Germany,Female,42,2,123331.36,1,0.0,0,103516.08,1,24,02-10-2023
841,15707567,Esposito,732.0,Germany,Male,50,6,145338.76,1,0.0,0,91936.1,1,72,2019/10/02
761,15583212,Chidozie,600.0,France,F,43,5,"$134,022.06",1,1.0,0,194764.83,0,60,01-10-2020
79,15575185,Bushell,757.0,Spain,male,33,5,77253.22,1,0.0,1,194239.63,0,60,2020-10-01
574,15607312,Ch'ang,648.0,spain,Female,49,10,0.0,2,1.0,1,159835.78,1,120,02-10-2015
638,15583725,Mairinger,682.0,France,M,48,1,138778.15,1,0.0,1,168840.23,0,12,2024-10-01
608,15629117,Harper,584.0,France,Male,28,10,$0.00,2,1.0,0,19834.32,0,120,2015/10/02
802,15762238,Fraser,671.0,Germany,Female,44,0,84745.03,2,0.0,1,34673.98,0,0,01 Oct 2025
894,15772781,Ball,703.0,  France  ,Female,51,3,0.0,3,1.0,1,77294.56,1,36,02 Oct 2022
839,15585888,  Nwokezuike  ,553.0,Spain,Female,48,3,0.0,1,0.0,1,"$30,730.95",1,36,02-10-2022
933,15634141,Shephard,708.0,Germany, Female,42,8,192390.52,2,1.0,0,823.36,0,96,01 Oct 2017
417,15720559,HEATH,487.0,Germany,Female,61,-1,110368.03,1,0.0,0,11384.45,1,60,01 Oct 2020
750,15698839,Okwudilichukwu,460.0,Germany,Male,46,4,127559.97,2,1.0,1,126952.5,0,48,01 Oct 2021
562,15800440,POWER,650.0,Spain,Male,61,1,152968.73,1,0.0,1,82970.69,0,12,01 Oct 2024
68,15641582,Chibugo,735.0,Germany,Male,43,10,123180.01,2,1.0,1,"$196,673.28",0,120,2015/10/02
537,15592846,Fiorentini,639.0,Germany,Male,35,10,"$128,173.90",2,1.0,0,59093.39,0,120,2015/10/02
78,15662085,Read,678.0,  France  ,female,32,9,0.0,1,1.0,1,148210.64,0,108,2016-10-01
106,15613854,Mauldon,622.0,Unknown,Female,46,4,107073.27,2,1.0,1,30984.59,1,48,01 Oct 2021
1003,15670755,SHAW,650.0,France, Male,60,8,0.0,2,1.0,1,102925.76,0,96,10/01/2017
934,15737795,Scott,512.0,Spain, Male,36,1,0.0,1,0.0,1,"$135,482.26",1,12,01-10-2024
639,15588350,McIntyre,744.0,France,Female,43,10,147832.15,1,,1,24234.11,0,120,2015-10-02
560,15571816,Ritchie,850.0,Spain,Female,70,5,0.0,1,1.0,1,705.18,0,60,01-10-2020
768,15677921,Bobrov,720.0,Germany,Male,60,9,115920.62,2,0.0,0,157552.08,1,108,2016/10/01
691,15589493,Otitodilinna,716.0,Germany,Male,27,1,122552.34,2,1.0,0,67611.36,0,12,01-10-2024
877,15581229,Gregory,502.0,Germany,Female,32,1,173340.83,1,0.0,1,122763.95,0,12,2024/10/01
948,15741336,Ejimofor,,France,Female,38,5,118590.41,1,1.0,1,5684.17,1,60,01-10-2020
879,15656333,Jen,574.0,France, Female,33,3,134348.57,1,1.0,0,63163.99,0,36,2022/10/02
736,15784209,Tang,497.0,France,Male,47,6,0.0,1,1.0,1,90055.08,0,72,2019/10/02
786,15660155,LORENZO,792.0,  Spain  ,M,36,5,"$92,140.15",1,0.0,1,67468.67,0,60,2020-10-01
491,15714689,Houghton,591.0,Spain,Male,29,1,97541.24,1,1.0,1,196356.17,0,12,2024-10-01
317,15662736,Doyle,559.0,France,M,49,2,147069.78,1,1.0,0,120540.83,1,24,10/02/2023
968,15720893,GILBERT,637.0,Spain,Female,34,9,,2,0.0,0,26057.08,0,108,01-10-2016
606,15814035,Lawrence,601.0,France,Male,29,9,0.0,1,1.0,1,80393.27,0,108,10/01/2016
364,15745088,Chen,443.0,Germany, Female,29,9,99027.61,2,1.0,0,"$10,940.40",0,108,2016/10/01
70,15755648,Pisano,675.0,France,Female,21,8,98373.26,1,1.0,0,18203.0,0,96,2017-10-01
549,15595440,Kryukova,508.0,  France  ,Male,49,7,122451.46,2,,1,75808.1,0,84,2018-10-02
161,15692132,Wilkinson,717.0,  Spain  ,Female,22,6,101060.25,1,0.0,1,84699.56,0,72,02 Oct 2019
12,15737173,Andrews,497.0,Spain,male,24,3,0.0,2,1.0,0,76390.01,0,36,02-10-2022
145,15612350,  Taylor  ,691.0,France,Female,31,5,40915.55,1,1.0,0,"$126,213.84",1,60,2020-10-01
518,15781307,Schneider,779.0,GERMANY,Male,37,7,120092.52,2,1.0,0,135925.72,0,84,02 Oct 2018
428,15806964,Utz,702.0,France,Male,45,0,80793.58,1,1.0,1,27474.81,0,0,10/01/2025
640,15798398,pagnotto,785.0,France,Female,36,4,135438.4,1,0.0,0,190627.01,0,48,2021/10/01
177,15645248,Ho,510.0,France,Female,30,0,0.0,2,1.0,1,,0,0,01 Oct 2025
441,15782735,Chukwuemeka,626.0,  France  ,Female,35,3,0.0,1,0.0,0,80190.36,0,36,2022/10/02
522,15653547,  Madukwe  ,,France,Male,56,7,131317.48,1,1.0,1,119175.45,0,84,10/02/2018
880,15697497,She,518.0,  France  ,Female,45,9,"$105,525.65",2,1.0,1,73418.29,0,108,2016-10-01
952,15785899,Ch'en,789.0,Germany,Male,33,8,151607.56,1,1.0,0,4389.4,0,96,10/01/2017
689,15802741,Mitchel,625.0,,Female,51,7,136294.97,1,1.0,0,38867.46,1,84,2018/10/02
232,15627000,Freeman,610.0,France,Male,40,0,0.0,2,1.0,0,62232.6,0,0,01 Oct 2025
211,15752047,Trevisano,,Germany,Male,33,2,161814.64,2,1.0,0,169381.9,0,24,02 Oct 2023
641,15784844,K'ung,752.0,Spain,Male,48,5,116060.08,1,1.0,0,156618.38,1,60,01-10-2020
144,15713483,Greeves,793.0,Spain,Male,52,2,0.0,1,1.0,0,159123.82,1,24,02 Oct 2023
754,15661526,anderson,815.0,Germany,Male,37,2,110777.26,2,1.0,0,2383.59,0,24,02-10-2023
520,15745417,Knipe,707.0,France,Male,58,6,89685.92,1,0.0,1,126471.13,0,72,2019/10/02
332,15601274,Hsieh,667.0,SPAIN,Female,40,1,146502.07,1,1.0,0,19162.89,0,12,2024-10-01
299,15650068,Johnson,511.0,France,male,58,0,149117.31,1,1.0,1,,0,0,10/01/2025
767,15810864,Williamson,700.0,France,Female,82,2,0.0,2,0.0,1,182055.36,0,24,02 Oct 2023
429,15576313,Wei,486.0,Germany,Female,40,9,71340.09,1,1.0,0,76192.21,0,108,01-10-2016
613,15619857,Crawford,605.0,France,Female,64,2,129555.7,1,1.0,1,,0,24,2023/10/02
938,15662100,Hsu,850.0,Germany,Female,44,5,128605.32,1,0.0,1,171096.2,0,60,2020-10-01
947,15745324,Milani,599.0,Spain,Female,39,4,0.0,1,1.0,0,194273.2,1,48,10/01/2021
9,15792365,He,501.0,France,Male,44,4,142051.07,2,0.0,1,,0,48,01 Oct 2021
157,15655007,Li,758.0,france,Female,33,7,0.0,2,0.0,0,82996.47,0,84,2018/10/02
540,15762729,Ukaegbunam,745.0,Germany,Female,28,1,111071.36,1,,0,73275.96,1,12,2024-10-01
507,15805565,Obiuto,691.0,Germany,Male,30,7,116927.89,1,1.0,0,21198.39,0,84,02 Oct 2018
437,15693737,  Carr  ,627.0,  Germany  ,Female,30,4,79871.02,2,1.0,0,129826.89,0,48,2021-10-01
267,15653857,Wallis,498.0,France,Male,34,2,0.0,2,1.0,1,148528.24,0,24,2023-10-02
462,15718443,CHIBUZO,539.0,France,Male,39,3,0.0,2,1.0,0,36692.17,0,36,2022-10-02
577,15761986,Obialo,439.0,Spain,Female,32,3,138901.61,1,1.0,0,"$75,685.97",0,36,02-10-2022
339,15636624,Nwabugwu,805.0,spain,Female,39,5,165272.13,1,1.0,0,14109.85,1,60,01-10-2020
256,15765297,Yao,766.0,Spain,Male,41,0,0.0,2,0.0,1,34283.23,0,0,2025-10-01
821,15596939,Calabresi,659.0,Germany,M,36,4,132578.92,2,1.0,0,84320.94,0,48,01-10-2021
859,15686137,Barry,456.0,Spain, Male,32,9,147506.25,1,1.0,1,135399.21,0,108,01-10-2016
666,15645772,Onwumelu,661.0,France,M,33,9,0.0,2,1.0,1,84174.81,0,108,10/01/2016
561,15670080,Mackenzie,584.0,Germany,Female,29,7,105204.01,1,0.0,1,138490.03,0,84,02-10-2018
209,15684181,Hackett,643.0,France,Male,45,5,0.0,1,1.0,0,"$142,513.50",1,60,01-10-2020
288,15790678,Davidson,475.0,France, Female,32,8,119023.28,1,1.0,0,100816.29,0,96,01 Oct 2017
2,15647311,  Hill  ,608.0,Spain, Female,41,1,83807.86,1,0.0,1,112542.58,0,12,01 Oct 2024
342,15786170,  Tien  ,659.0,France,Male,31,4,118342.26,1,0.0,0,161574.19,0,48,2021/10/01
270,15799217,Zetticci,791.0,Germany,Female,35,7,52436.2,1,1.0,0,161051.75,0,84,2018/10/02
266,15813163,Ch'iu,531.0,Spain,Female,36,9,99240.51,1,1.0,0,123137.01,0,108,2016-10-01
822,15716155,Shaw,841.0,France,Female,36,5,156021.31,1,0.0,0,122662.98,0,60,2020/10/01
829,15596914,Shaw,630.0,Germany,Female,31,2,112373.49,2,1.0,1,131167.98,0,24,10/02/2023
96,15699461,fiorentini,515.0,Spain,Male,35,10,176273.95,1,0.0,1,121277.78,0,120,02 Oct 2015
980,15642937,Padovesi,550.0,France,Female,46,7,0.0,2,1.0,0,130590.35,0,84,02 Oct 2018
43,15687946,Osborne,556.0,France,Female,61,2,117419.35,1,1.0,1,94153.83,0,24,2023-10-02
811,15699430,Davide,618.0,France,Female,999,10,0.0,2,1.0,0,180439.75,0,120,02 Oct 2015
115,15609618,Fanucci,721.0,Germany,Male,28,9,154475.54,2,0.0,1,101300.94,1,108,01 Oct 2016
962,15582797,Ch'iu,685.0,Spain,male,35,4,137948.51,1,1.0,0,113639.64,0,48,2021/10/01
629,15589030,Ts'ai,649.0,France,Male,47,1,0.0,2,1.0,1,145593.85,0,12,2024/10/01
46,15754849,Tyler,776.0,Germany,Female,32,4,109421.13,2,1.0,1,126517.46,0,48,2021/10/01
162,15641122,Wei,684.0,France,Male,30,2,0.0,2,1.0,0,83473.82,0,24,10/02/2023
728,15767432,Ts'ai,711.0,France,Female,25,7,0.0,3,1.0,1,9679.28,0,84,02 Oct 2018
630,15692463,Rahman,799.0,Spain,Female,28,3,"$142,253.65",1,1.0,0,45042.56,0,36,2022/10/02
289,15727556,O'Donnell,744.0,  Spain  ,F,26,5,166297.89,1,1.0,1,181694.44,0,60,2020/10/01
590,15591047,ma,519.0,Spain, Female,47,6,157296.02,2,0.0,0,147278.43,1,72,10/02/2019
903,15792388,Li,,  France  ,Female,48,7,90612.34,1,1.0,1,149139.13,0,84,2018/10/02
964,15731815,Nepean,529.0,Spain,Male,63,4,96134.11,3,1.0,0,108732.96,1,48,01 Oct 2021
576,15653620,Gordon,546.0,France,Female,27,8,0.0,2,1.0,1,14858.1,0,96,01-10-2017
316,15581539,atkinson,474.0,Spain,Male,37,3,$0.00,2,0.0,0,"$57,175.32",0,36,2022-10-02
900,15632210,Hill,,Germany,Male,25,2,171770.55,1,1.0,0,22745.5,0,24,2023/10/02
231,15808473,Ringrose,673.0,France,Male,72,1,$0.00,2,0.0,1,111981.19,0,12,01-10-2024
810,15778463,Ikenna,657.0,France,Female,37,6,95845.6,1,1.0,0,122218.23,0,72,10/02/2019
699,15669516,Steele,746.0,Spain,Male,36,2,0.0,2,1.0,1,16436.56,0,24,02-10-2023
835,15780628,Wu,633.0,France,Female,30,6,0.0,2,0.0,0,41642.29,0,72,02-10-2019
712,15650288,Summers,634.0,Germany,M,35,6,116269.01,1,1.0,0,129964.94,0,72,2019/10/02
77,15614049,Hu,,France,Male,55,8,0.0,2,1.0,1,139161.64,0,96,2017/10/01
634,15724282,Tsao,540.0,Germany, Male,44,3,,2,1.0,1,12120.79,0,36,2022-10-02
986,15756475,Kenniff,551.0,Germany,Male,31,9,82293.82,2,1.0,1,91565.25,0,108,01 Oct 2016
248,15599792,Dimauro,545.0,France,Female,26,1,0.0,2,1.0,1,199638.56,0,12,10/01/2024
820,15747807,Gallagher,720.0,France,Female,43,6,"$137,824.03",2,1.0,0,172557.77,0,72,02 Oct 2019
988,15613749,Lees,569.0,Spain,Male,34,0,151839.26,1,1.0,0,"$102,299.81",1,0,2025-10-01
477,15798888,Pisano,605.0,GERMANY, Female,31,1,117992.59,1,1.0,1,183598.77,0,12,10/01/2024
671,15576368,Bledsoe,624.0,Germany,Female,48,3,122388.38,2,0.0,0,30020.09,0,36,02 Oct 2022
86,15805254,Ndukaku,652.0,Spain,Female,75,10,0.0,2,1.0,1,114675.75,0,120,2015-10-02
470,15749167,Fisk,753.0,France,M,35,3,,2,1.0,1,184843.77,0,36,10/02/2022
226,15699029,Bagley,670.0,France,Male,37,4,170557.91,2,1.0,0,198252.88,0,48,2021-10-01
775,15789158,Nikitina,636.0,Germany,Male,49,6,113599.74,2,1.0,0,158887.09,1,72,02-10-2019
332,15601274,Hsieh,667.0,SPAIN,Female,40,1,146502.07,1,1.0,0,19162.89,0,12,2024-10-01
234,15723886,Fiore,767.0,Germany, Male,20,3,,2,0.0,1,150135.38,0,36,10/02/2022
589,15614782,Hao,526.0,France,Male,36,1,0.0,1,1.0,0,160696.72,0,12,01-10-2024
476,15591986,Johnston,621.0,Germany,Male,46,6,141078.37,1,0.0,0,34580.8,1,72,02-10-2019
901,15642041,Burns,727.0,Germany,male,40,1,93051.64,2,1.0,0,71865.31,1,12,2024/10/01
881,15585362,Simmons,900.0,FRANCE,Female,60,6,0.0,1,1.0,0,17978.68,1,72,02-10-2019
600,15714939,Fallaci,484.0,Germany,Female,34,4,148249.54,1,0.0,1,33738.27,0,48,01-10-2021
422,15716186,Richardson,586.0,France,Female,38,2,0.0,2,1.0,0,87168.46,0,24,02 Oct 2023
688,15579334,Watkins,769.0,Germany,Female,45,5,126674.81,1,1.0,0,124118.71,1,60,10/01/2020
183,15621075,Ogbonnaya,778.0,Germany,Female,45,1,162150.42,2,1.0,0,174531.27,0,12,2024-10-01
618,15766575,Larionova,612.0,Germany,F,62,8,140745.33,1,1.0,0,193437.89,1,96,01 Oct 2017
333,15702669,Faulkner,663.0,Germany,Male,44,2,"$117,028.60",2,0.0,1,144680.18,0,24,02-10-2023
439,15783501,Findlay,800.0,France,Female,38,2,168190.33,2,1.0,0,68052.08,0,24,02-10-2023
50,15771873,Buccho,776.0,Germany,Female,150,2,103769.22,2,1.0,0,194099.12,0,24,02-10-2023
888,15625021,Hung,585.0,France,Male,42,2,0.0,2,1.0,1,18657.77,0,24,10/02/2023
6,15574012,Chu,645.0,Spain,Male,44,8,113755.78,2,1.0,0,149756.71,1,96,2017/10/01
530,15694272,Nkemakolam,673.0,France,Male,30,1,64097.75,1,1.0,1,77783.35,0,12,01-10-2024
235,15704769,smith,585.0,FRANCE, Female,67,5,113978.97,2,0.0,1,93146.11,0,60,2020/10/01
487,15758639,Moran,641.0,France,Male,37,7,0.0,2,1.0,0,75248.3,0,84,10/02/2018
915,15710404,Chinwendu,569.0,France,M,35,10,124525.52,1,1.0,1,193793.78,0,120,02 Oct 2015
498,15733616,Sopuluchukwu,806.0,France,Male,40,5,80613.93,1,1.0,1,142838.64,0,60,2020-10-01
909,15754713,Rivera,685.0,Spain,Male,31,10,135213.71,1,1.0,1,125777.28,0,120,02 Oct 2015
107,15599195,Stiger,582.0,Germany,Male,32,1,88938.62,1,1.0,1,"$10,054.53",0,12,01-10-2024
444,15732628,Ugoji,745.0,France,Male,46,2,122220.19,1,1.0,1,118024.1,0,24,02 Oct 2023
489,15731744,Carslaw,692.0,  France  ,Male,30,2,0.0,2,0.0,1,130486.57,0,24,02-10-2023
647,15730830,Dale,752.0,France,Female,30,3,0.0,2,1.0,1,104991.28,0,36,10/02/2022
13,15632264,Kay,476.0,France,Female,34,10,0.0,2,1.0,0,26260.98,0,120,02 Oct 2015
739,15661036,DAVIS,725.0,France,Male,46,6,,2,1.0,0,161767.38,0,72,10/02/2019
727,15673570,Olsen,-50.0,FRANCE,Male,37,9,0.0,2,0.0,1,77108.66,0,108,2016/10/01
191,15726931,Onwumelu,715.0,France,Female,41,8,56214.85,2,0.0,0,92982.61,1,96,01 Oct 2017
958,15731522,Ts'ui,771.0,Spain,Female,67,8,$0.00,2,1.0,1,51219.8,0,96,2017-10-01
833,15797964,Cameron,732.0,  Germany  ,Female,29,1,154333.82,1,1.0,1,138527.56,0,12,10/01/2024
283,15643024,Huang,479.0,Germany,Male,35,4,"$138,718.92",1,1.0,1,47251.79,1,48,2021/10/01
30,15656300,Lucciano,411.0,France,Male,29,0,59697.17,2,1.0,1,53483.21,0,0,01-10-2025
170,15611325,Wood,682.0,  Germany  ,Male,24,9,57929.81,2,0.0,0,53134.3,0,108,2016-10-01
181,15716334,Rozier,850.0,Spain,Female,45,2,122311.21,1,1.0,1,19482.5,0,24,2023/10/02
101,15808582,Fu,665.0,France,Female,40,6,,1,1.0,1,161848.03,0,72,2019/10/02
198,15777892,Samsonova,721.0,Germany,Male,37,3,107720.64,1,1.0,1,158591.12,0,36,02-10-2022
496,15804256,Hale,765.0,Germany,Male,36,8,92310.54,2,1.0,1,,0,96,2017/10/01
722,15578761,Cunningham,459.0,spain,Female,42,6,129634.25,2,1.0,1,177683.02,1,72,10/02/2019
648,15805112,  Pokrovsky  ,578.0,France,Male,38,7,82259.29,1,1.0,0,8996.97,0,84,2018-10-02
991,15745527,Burke,655.0,France,Male,37,5,"$93,147.00",2,1.0,0,66214.13,0,60,01 Oct 2020
967,15589805,  Benson  ,563.0,France,Female,34,6,139810.34,1,1.0,1,152417.79,0,72,10/02/2019
711,15722548,Fisher,540.0,france,M,48,0,148116.48,1,0.0,0,116973.48,0,0,01 Oct 2025
374,15688074,Gregory,802.0,Germany,Male,31,1,125013.72,1,1.0,1,187658.09,0,12,10/01/2024
679,15810978,Pugliesi,,Spain,female,70,1,0.0,2,1.0,1,41610.62,0,12,2024-10-01
927,15628303,  Thurgood  ,738.0,Spain,Male,35,3,0.0,1,1.0,1,15650.73,0,36,2022/10/02
649,15633064,Stonebraker,438.0,France,F,36,4,0.0,2,1.0,0,64420.5,0,48,2021-10-01
798,15766908,Trevisani,488.0,Germany,M,32,-1,"$114,540.38",1,1.0,0,92568.07,0,36,02 Oct 2022
848,15586959,Unaipon,468.0,France,Female,42,5,0.0,2,1.0,0,125305.34,0,60,2020-10-01
461,15732778,Templeman,468.0,germany,Male,29,1,111681.98,2,1.0,1,195711.16,0,12,2024/10/01
414,15801559,Chiang,693.0,  Germany  ,Female,41,9,181461.48,3,1.0,1,187929.43,1,108,01 Oct 2016
132,15718369,Kaodilinakachukwu,795.0,Germany,female,33,9,130862.43,1,1.0,1,114935.21,0,108,10/01/2016
40,15585768,Cameron,582.0,Germany,Male,41,6,70349.48,2,0.0,1,,0,72,10/02/2019
435,15799384,Collier,683.0,France, Male,33,8,0.0,1,0.0,0,73564.44,0,96,10/01/2017
216,15723488,Watson,668.0,GERMANY,Male,47,7,106854.21,1,0.0,1,157959.02,1,84,02-10-2018
556,15775318,Lu,590.0,Unknown,Female,51,3,154962.99,3,0.0,1,191932.27,1,36,10/02/2022
567,15651674,Billson,438.0,Spain,Female,54,2,0.0,1,0.0,0,191763.07,1,24,02-10-2023
763,15637876,Burns,663.0,Germany,Female,36,-1,77253.5,1,0.0,0,35817.97,1,72,10/02/2019
475,15603156,Elewechi,571.0,FRANCE,Female,33,1,0.0,2,1.0,0,102750.7,0,12,2024/10/01
457,15747960,Eluemuno,733.0,France,male,33,3,,1,1.0,1,7666.73,0,36,10/02/2022
812,15649992,  Alexander  ,,Spain,Male,65,7,134714.7,2,0.0,1,190419.81,0,84,2018/10/02
261,15713853,Ifeajuna,732.0,Germany,Male,42,9,108748.08,2,1.0,1,65323.11,0,108,01 Oct 2016
817,15734565,Hughes,696.0,France,Male,29,8,0.0,2,1.0,0,191166.09,0,96,10/01/2017
36,15794171,Lombardo,475.0,France,F,45,0,134264.04,1,1.0,0,27822.99,1,0,01 Oct 2025
828,15666633,Huang,758.0,Spain,Male,56,1,0.0,2,1.0,1,10643.38,0,12,2024/10/01
310,15746726,Doyle,438.0,Germany,Male,31,8,78398.69,1,1.0,0,44937.01,0,96,01 Oct 2017
277,15694456,Toscani,756.0,France,Male,62,3,$0.00,1,1.0,1,11199.04,1,36,02 Oct 2022
637,15603323,Bell,,Spain, Female,33,1,0.0,2,0.0,0,117834.91,0,12,01 Oct 2024
655,15751710,Ginikanwa,729.0,Spain,Male,31,8,"$164,870.81",2,1.0,1,9567.39,0,96,2017/10/01
623,15636444,Craig,535.0,Germany, Female,53,5,"$141,616.55",2,1.0,1,75888.65,0,60,2020-10-01
836,15575883,Manna,559.0,France,Male,34,2,137390.11,2,1.0,0,"$9,677.00",0,24,10/02/2023
845,15806983,Moss,640.0,France,male,44,3,137148.68,1,1.0,0,92381.01,0,36,02-10-2022
394,15684548,Demidov,556.0,Spain,Male,38,8,,2,0.0,0,417.41,1,96,01 Oct 2017
954,15671139,Brizendine,694.0,Spain,Male,39,0,107042.74,1,1.0,1,102284.2,0,0,10/01/2025
108,15812878,Parsons,785.0,Germany, Female,36,2,99806.85,1,0.0,1,36976.52,0,24,02-10-2023
981,15624729,TSAO,594.0,France,Male,27,0,197041.8,1,0.0,0,151912.49,0,0,2025/10/01
525,15763274,Wu,661.0,France,Male,48,3,120320.54,1,0.0,0,96463.25,0,36,02-10-2022
785,15571221,BERGAMASCHI,747.0,Germany,male,58,7,116313.57,1,1.0,1,190696.35,1,84,02 Oct 2018
48,15771573,Okagbue,637.0,Germany,Female,39,9,,1,1.0,1,117622.8,1,108,10/01/2016
204,15727868,Onuora,711.0,  France  ,Female,38,2,129022.06,2,1.0,1,14374.86,1,24,02-10-2023
960,15628034,Wilder,629.0,France,Female,37,6,129101.3,1,1.0,1,23971.33,0,72,10/02/2019
632,15811762,Pickering,583.0,Germany,Female,54,6,115988.86,1,1.0,0,57553.98,1,72,02 Oct 2019
22,15597945,Dellucci,636.0,Spain,Female,32,8,0.0,2,1.0,0,138555.46,0,96,01-10-2017
403,15781589,Carpenter,751.0,Spain,Male,52,8,0.0,2,0.0,1,"$179,291.85",0,96,2017-10-01
84,15701164,Onyeorulu,506.0,France,Female,34,4,90307.62,1,1.0,1,159235.29,0,48,01 Oct 2021
131,15740404,He,758.0,FRANCE,Female,34,3,0.0,2,1.0,1,,0,36,02-10-2022
416,15809616,Hsiung,626.0,Spain,Male,26,8,0.0,2,0.0,0,"$191,420.71",0,96,01-10-2017
291,15652266,Chidiebele,703.0,Germany,Male,42,9,63227.0,1,0.0,1,"$137,316.32",0,108,01 Oct 2016
842,15737792,Abbie,818.0,France,Female,31,1,186796.37,1,0.0,0,178252.63,0,12,10/01/2024
742,15716835,Rossi,546.0,France,Male,24,8,156325.38,1,1.0,1,"$125,381.02",0,96,2017-10-01
698,15620204,Walker,543.0,Germany,Female,57,1,106138.33,2,1.0,1,120657.32,1,12,10/01/2024
287,15573112,Kang,1000.0,Spain,Male,29,5,103907.28,1,1.0,0,161229.84,0,60,01-10-2020
124,15760085,calabresi,684.0,Germany,Female,48,10,126384.42,1,1.0,1,198129.36,0,120,02 Oct 2015
34,15659428,Maggard,520.0,Spain,Female,42,6,0.0,2,1.0,1,34410.55,0,72,02-10-2019
993,15724563,Hawkins,752.0,Germany,Female,42,3,65046.08,2,0.0,1,140139.28,0,36,10/02/2022
517,15752081,Vassiliev,468.0,france,female,56,10,0.0,3,0.0,1,62256.87,1,120,2015/10/02
924,15601026,Gallagher,572.0,Germany,female,19,1,138657.08,1,1.0,1,16161.82,0,12,01-10-2024
20,15568982,Hao,726.0,France,Female,24,6,0.0,2,1.0,1,54724.03,0,72,02 Oct 2019
942,15676521,Y?an,696.0,France,Female,31,8,0.0,2,0.0,0,191074.11,0,96,10/01/2017
220,15774854,Fuller,592.0,France,Male,54,8,0.0,1,1.0,1,28737.71,1,96,2017/10/01
892,15780140,Bellucci,435.0,Germany,Male,32,2,57017.06,2,1.0,1,5907.11,0,24,02 Oct 2023
1004,15649992,ALEXANDER,,Spain,Male,65,7,134714.7,2,0.0,1,190419.81,0,84,2018/10/02
482,15744398,Burns,525.0,France,Female,23,5,0.0,2,1.0,0,"$160,249.10",0,60,01-10-2020
932,15700476,Azubuike,564.0,  Germany  ,Male,41,9,,2,1.0,1,34338.21,0,108,01 Oct 2016
357,15611759,Simmons,850.0,Spain,Female,57,8,126776.3,2,1.0,1,132298.49,0,96,2017/10/01
662,15699637,Anenechi,694.0,spain,Male,57,8,116326.07,1,1.0,1,117704.65,0,96,01 Oct 2017
225,15568748,Poole,671.0,Germany,Male,45,6,99564.22,1,1.0,1,108872.45,1,72,02-10-2019
760,15625944,Buccho,664.0,France,Male,58,5,98668.18,1,1.0,1,60887.58,0,60,01-10-2020
93,15809248,Cole,524.0,France,F,36,10,$0.00,2,1.0,0,109614.57,0,120,2015/10/02
152,15759618,Alexeeva,535.0,France,Female,48,9,0.0,1,1.0,0,149892.79,1,108,2016-10-01
1000,15787772,Hansen,759.0,France,Female,38,1,104091.29,1,0.0,0,91561.91,0,12,2024-10-01
318,15666252,Ritchie,706.0,Spain, Male,42,9,0.0,2,1.0,1,28714.34,0,108,10/01/2016
449,15694860,Uspensky,675.0,France,Female,38,6,"$68,065.80",1,0.0,0,138777.0,1,72,10/02/2019
804,15712825,Howells,511.0,Unknown, Female,29,9,0.0,2,0.0,1,140676.98,0,108,01 Oct 2016
746,15640059,Smith,606.0,France,Male,40,5,,2,1.0,1,"$70,899.27",0,60,2020-10-01
523,15595766,Watts,527.0,Spain,Male,37,5,93722.73,2,,1,139093.73,0,60,01 Oct 2020
280,15782210,K'ung,714.0,France,Male,46,1,0.0,1,1.0,0,152167.79,1,12,2024-10-01
584,15753719,Rickards,547.0,Germany,Female,30,9,72392.41,1,1.0,0,77077.14,0,108,01-10-2016
765,15672056,Kenenna,710.0,Germany,Male,43,2,140080.32,3,1.0,1,"$157,908.19",1,24,10/02/2023
605,15609286,Chadwick,702.0,France,Male,37,10,150525.8,1,1.0,1,94728.49,0,120,02-10-2015
870,15710424,Page,435.0,France,Male,36,4,0.0,1,1.0,1,197015.2,0,48,2021-10-01
350,15576256,Yusupova,582.0,France,Male,39,5,0.0,2,1.0,1,129892.93,0,60,10/01/2020
928,15633461,Pai,639.0,Germany,Male,38,5,130170.82,1,1.0,1,149599.62,0,60,01 Oct 2020
375,15759537,Bianchi,717.0,Germany,Male,35,7,58469.37,2,1.0,1,172459.39,0,84,2018/10/02
401,15690452,Tung,605.0,France,Male,52,1,63349.75,1,1.0,0,108887.44,0,12,01 Oct 2024
705,15808621,MORDVINOVA,659.0,germany,Male,36,2,76190.48,2,1.0,1,149066.14,0,24,2023-10-02
258,15592979,Rose,671.0,Germany,Female,34,6,37266.67,2,0.0,0,156917.12,0,72,10/02/2019
945,15729362,Lombardi,745.0,France,Male,36,8,"$67,226.37",1,1.0,0,130789.6,0,96,10/01/2017
852,15794048,Wan,667.0,Germany,Female,48,1,,2,0.0,0,113316.77,1,12,2024/10/01
73,15812518,Palermo,657.0,Spain,Female,37,0,163607.18,1,0.0,1,44203.55,0,0,01 Oct 2025
196,15594815,Aleshire,807.0,  France  ,Male,35,3,174790.15,1,1.0,1,600.36,0,36,02-10-2022
484,15578186,pirozzi,486.0,GERMANY,Male,37,9,115217.99,2,1.0,0,144995.33,0,108,01-10-2016
856,15686436,Newbery,523.0,Spain, Male,32,4,,2,1.0,0,167848.02,0,48,01 Oct 2021
138,15610156,  Ma  ,1000.0,France,Male,40,2,133463.1,1,0.0,1,93165.34,0,24,2023/10/02
495,15585865,Westerberg,673.0,France,Female,38,2,170061.92,2,0.0,0,134901.34,1,24,02 Oct 2023
773,15639314,Cartwright,589.0,France,Male,32,2,0.0,2,0.0,1,9468.64,0,24,2023-10-02
551,15750141,Reichard,721.0,Germany,Female,36,3,65253.07,2,1.0,0,28737.78,0,36,10/02/2022
463,15670039,Sun,509.0,spain,Female,25,3,108738.71,2,1.0,0,106920.57,0,36,02 Oct 2022
202,15622911,Jude,759.0,France,Male,42,4,105420.18,1,0.0,1,121409.06,0,48,10/01/2021
313,15674398,Russo,642.0,France,Male,38,3,0.0,2,0.0,0,171463.83,0,36,02-10-2022
291,15652266,Chidiebele,703.0,Germany,Male,42,9,63227.0,1,0.0,1,"$137,316.32",0,108,01 Oct 2016
961,15686164,Maclean,850.0,Germany,Female,31,1,108822.4,1,1.0,1,132173.31,0,12,01 Oct 2024
190,15587421,Tsai,687.0,Germany,F,34,7,111388.18,2,1.0,0,148564.76,0,84,2018/10/02
764,15622750,chu,742.0,Germany,Female,21,1,114292.48,1,1.0,0,31520.4,0,12,2024-10-01
113,15715951,Thorpe,562.0,France,Male,42,2,100238.35,1,0.0,0,86797.41,0,24,2023/10/02
950,15620981,Wickham,684.0,  France  , Female,48,3,73309.38,1,0.0,0,21228.34,1,36,02 Oct 2022
184,15810845,T'ang,636.0,France,male,42,2,0.0,2,1.0,1,55470.78,0,24,10/02/2023
153,15811589,Metcalfe,716.0,SPAIN,Male,42,8,0.0,2,1.0,0,"$180,800.42",0,96,2017/10/01
825,15603830,Palmer,600.0,Spain,Male,36,4,0.0,2,1.0,0,143635.36,0,48,01 Oct 2021
326,15736601,Tai,716.0,France,Male,35,4,144428.87,1,1.0,0,134132.65,0,48,01 Oct 2021
704,15566292,Okwuadigbo,574.0,Spain,Male,36,1,0.0,2,0.0,1,71709.12,0,12,01 Oct 2024
45,15684171,Bianchi,660.0,Spain,female,61,5,155931.11,1,1.0,1,158338.39,0,60,01 Oct 2020
445,15787470,Parkinson,553.0,Spain,Male,47,3,,1,0.0,0,"$145,704.19",1,36,10/02/2022
788,15694366,Hou,714.0,Germany,Male,42,2,"$177,640.09",1,0.0,1,47166.55,0,24,10/02/2023
7,15592531,Bartlett,822.0,france,Male,50,7,0.0,2,1.0,1,10062.8,0,84,02-10-2018
251,15628112,Hughes,771.0,Germany,Female,36,5,77846.9,1,0.0,0,99805.99,0,60,01 Oct 2020
824,15757811,Lloyd,732.0,Spain,Female,69,9,137453.43,1,0.0,1,110932.24,1,108,01-10-2016
76,15780961,Cavenagh,735.0,France,Female,21,1,178718.19,2,1.0,0,22388.0,0,12,01-10-2024
513,15782236,Gibbs,735.0,Spain, Male,34,5,0.0,2,0.0,0,71095.41,0,60,01-10-2020
941,15754084,Palazzi,710.0,Spain,Male,35,1,106518.52,1,1.0,1,127951.81,0,12,2024-10-01
392,15785611,Onyeoruru,752.0,GERMANY,Male,38,3,183102.29,1,1.0,1,71557.12,0,36,2022/10/02
896,15697000,Mello,728.0,  Germany  ,Male,32,5,61825.5,1,1.0,1,156124.93,0,60,2020-10-01
433,15705521,Pisani,548.0,Germany,Female,33,0,101084.36,1,1.0,0,42749.85,0,0,01 Oct 2025
69,15638424,Glauert,661.0,Germany,Female,35,5,150725.53,2,0.0,1,113656.85,0,60,01-10-2020
999,15659557,Artamonova,811.0,Germany,Female,28,4,167738.82,2,1.0,1,9903.42,0,48,01-10-2021
168,15588537,Robinson,615.0,  Spain  ,Female,41,9,109013.23,1,1.0,0,196499.96,0,108,2016-10-01
905,15794580,Ch'en,599.0,  France  ,Male,58,4,0.0,1,0.0,0,176407.15,1,48,10/01/2021
731,15812750,Ozioma,591.0,France,Male,24,6,"$147,360.00",1,1.0,1,25310.82,0,72,02-10-2019
555,15711309,Sumrall,574.0,Germany,Male,33,3,"$129,834.67",1,1.0,0,193131.42,0,36,2022/10/02
367,15633537,Nolan,540.0,Germany,female,42,9,87271.41,2,1.0,0,172572.64,0,108,01-10-2016
346,15763859,Brown,840.0,France,Female,150,7,0.0,2,,0,90908.95,0,84,02-10-2018
585,15803689,Begum,647.0,Germany,Female,51,1,119741.77,2,0.0,0,54954.51,1,12,2024/10/01
536,15776780,  He  ,608.0,France,Male,59,1,$0.00,1,1.0,0,70649.64,1,12,01 Oct 2024
399,15762218,MILLS,701.0,France, Female,39,9,0.0,2,0.0,1,145894.9,0,108,01-10-2016
186,15654506,Chang,514.0,France,Male,32,8,0.0,2,1.0,0,95857.18,0,96,10/01/2017
349,15735203,Seleznyov,654.0,Germany,Female,32,1,114510.85,1,1.0,1,126143.23,0,12,10/01/2024
616,15745295,Gether,727.0,  Spain  ,Female,31,0,0.0,1,1.0,0,121751.04,1,0,2025-10-01
920,15733114,Hay,552.0,Spain,Male,45,9,0.0,2,1.0,0,26752.56,0,108,2016-10-01
212,15624592,Tan,603.0,,Male,31,8,0.0,2,1.0,1,169915.02,0,96,01-10-2017
580,15658032,Hopkins,701.0,France,Male,39,2,0.0,2,1.0,1,82526.92,0,24,2023/10/02
503,15714485,Udinese,774.0,France,Male,60,5,85891.55,1,,0,74135.48,1,60,01 Oct 2020
538,15739803,Lucciano,686.0,Spain,Male,34,9,0.0,2,,0,"$127,569.80",0,108,2016/10/01
197,15635905,Moran,616.0,N/A,F,32,6,0.0,2,1.0,1,43001.46,0,72,2019/10/02
176,15755209,Fu,484.0,Spain,Female,35,7,133868.21,1,1.0,1,27286.1,0,84,10/02/2018
