ticket_id,customer_id,issue_type,severity,resolution_time_hrs,created_at
TKT17131013,15809616,fee_dispute,medium,2.54,2024-06-01
TKT79975810,15721024,fee_dispute,high,15.59,2025-08-02
TKT35088116,15600462,transfer_delay,medium,19.4,2025-04-02
TKT11948758,15672145,card_decline,critical,14.88,05/02/2024
TKT75260287,15745196,login_issue,low,16.35,01/01/2025
TKT29044801,15757811,transfer_delay,low,17.39,2024-11-01
TKT94917937,15633648,card_decline,  high  ,3.71,2024/11/01
TKT22904583,15644753,app_bug,medium,12.59,02-07-2024
TKT70193226,15608968,app_bug,low,23.62,31-01-2025
TKT43259196,15692926,fee_dispute,low,0.0,2025/08/02
TKT84973093,15775318,login_issue,high,19.29,10/01/2024
TKT55509029,15702919,app_bug,high,16.96,01 Sep 2024
TKT45314466,15679587,login_issue,low,16.79,01/01/2025
TKT23188507,15623595,login_issue,medium,2.97,01 Jan 2025
TKT18582928,15739438,transfer_delay,low,7.74,01-12-2024
TKT59503370,15774696,login_issue,high,3.25,02-04-2025
TKT19370455,15794580,app_bug,low,,02-08-2025
TKT63442557,15668886,fraud_alert,low,41.1,01/31/2025
TKT40203806,15698474,transfer_delay,low,1.83,2025-01-31
TKT47120440,15784844,CARD_DECLINE,low,45.79,01-11-2024
TKT23707157,15580684,card_decline,medium,30.22,09/01/2024
TKT26143335,15773972,card_decline,low,6.55,2024-09-01
TKT26811063,15603925,fee_dispute,medium,19.26,2025-01-31
TKT52942345,15641122,card_decline,high,11.58,02-04-2025
TKT80561439,15795564,card_decline,high,15.88,02 Mar 2025
TKT62233616,15619955,app_bug,medium,,2024/10/01
TKT57023077,15730076,transfer_delay,medium,10.1,02-04-2025
TKT79308327,19117782,transfer_delay,  high  ,7.91,2024-06-01
TKT84073353,15603065,fee_dispute,medium,11.75,02 Jun 2025
TKT40427701,15593365,login_issue,medium,9999.99,01 Sep 2025
TKT37267844,15600258,fee_dispute,low,11.91,2025-08-02
TKT88244069,15625426,login_issue,low,12.56,01-08-2024
TKT69239273,15762218,card_decline,medium,10.67,02-06-2025
TKT85590565,15742358,card_decline,medium,7.53,2024/12/01
TKT17629726,15750181,fee_dispute,high,32.85,02-03-2025
TKT32581866,15767954,fraud_alert,low,11.87,2024-11-01
TKT66152502,15736879,transfer_delay,low,6.87,01 Aug 2024
TKT37329156,15729362,fee_dispute,medium,10.26,31 Jan 2025
TKT75181092,15660429,login_issue,low,6.15,06/02/2025
TKT53347475,15628303,login_issue,medium,9.01,01-12-2024
TKT14946434,15664521,app_bug,low,11.14,2024/07/02
TKT95925033,15807008,app_bug,low,50.58,2024/07/02
TKT94705623,15625759,app_bug,high,24.12,2025/05/02
TKT78243019,15735203,card_decline,low,56.93,2024/07/02
TKT16795130,15594917,card_decline,low,5.47,01 Nov 2024
TKT11687552,15625426,transfer_delay,  high  ,22.35,01/01/2025
TKT91757090,15622911,fee_dispute,medium,17.64,2025/06/02
TKT16918681,15716164,fee_dispute,critical,2.11,2025-09-01
TKT46699365,15611759,card_decline,low,23.71,2025-08-02
TKT32849484,15670039,fraud_alert,low,27.37,01 Sep 2025
TKT40611449,15640280,card_decline,high,24.5,01/31/2025
TKT84603787,15810432,transfer_delay,medium,4.66,02-08-2025
TKT27802400,15595039,login_issue,medium,4.78,02-05-2025
TKT18732732,15636684,fee_dispute,low,13.82,31 Jan 2025
TKT87644032,15731522,card_decline,low,28.45,01 Oct 2024
TKT98600556,15686164,  fraud_alert  ,,34.28,2024-05-02
TKT76535496,15568595,fraud_alert,medium,12.61,2025/09/01
TKT73669942,15612966,app_bug,low,26.44,2024/12/01
TKT98168784,15771573,card_decline,low,13.25,02-03-2025
TKT18242579,15677871,card_decline,high,10.82,2025/05/02
TKT30782459,15600974,login_issue,low,12.3,02 Jul 2025
TKT61112220,15781465,FRAUD_ALERT,medium,22.45,05/02/2025
TKT25862334,15724282,transfer_delay,low,21.11,01 Jun 2024
TKT97747054,15686870,transfer_delay,high,6.74,09/01/2024
TKT20755336,15774510,app_bug,medium,5.54,10/01/2024
TKT11489209,15682757,card_decline,high,17.06,01 Oct 2025
TKT66908060,15571973,fee_dispute,medium,10.29,08/02/2025
TKT48006226,15800116,login_issue,high,11.92,2025/01/31
TKT10552910,15662085,card_decline,low,10.24,01 Sep 2024
TKT80466190,15681705,fraud_alert,high,15.09,01 Oct 2024
TKT36354632,15720649,transfer_delay,low,2.8,2025-03-02
TKT46291718,15707362,app_bug,  low  ,32.72,08/01/2024
TKT25335598,15625944,fraud_alert,high,37.01,2025-01-31
TKT97861985,15607098,fraud_alert,low,13.44,02 Jul 2025
TKT64985773,15658485,,high,22.87,08/01/2024
TKT89054458,15805254,login_issue,,13.46,01-10-2024
TKT95121029,15625881,fee_dispute,low,25.55,01 Aug 2024
TKT80808027,15701376,app_bug,medium,13.84,2024-12-01
TKT53773728,15763063,app_bug,low,30.88,2024-11-01
TKT12038410,15713853,login_issue,  medium  ,10.44,2024/10/01
TKT83565057,15692132,fee_dispute,medium,35.84,2024-06-01
TKT86566050,15663252,transfer_delay,high,2.07,2025/10/01
TKT38412721,15811589,fee_dispute,critical,11.09,2025-08-02
TKT39765075,15645248,fraud_alert,low,11.57,02-07-2024
TKT67180081,15706021,fraud_alert,low,41.57,2025/03/02
TKT79880991,15643966,card_decline,low,33.81,01 Jan 2025
TKT70043560,19350933,app_bug,high,16.76,11/01/2024
TKT16085800,15792365,app_bug,high,20.53,2025/01/31
TKT76459136,15807663,login_issue,high,18.03,2024-09-01
TKT39952483,15699461,fee_dispute,low,10.18,01-11-2024
TKT13870965,15688074,app_bug,LOW,17.28,02-05-2024
TKT93705941,15705512,card_decline,  low  ,3.42,2024/05/02
TKT65885730,15646810,  login_issue  ,low,2.55,01 Oct 2025
TKT88437278,15719377,card_decline,medium,23.36,2024/05/02
TKT83695047,15766575,transfer_delay,high,20.53,07/02/2024
TKT50777390,15569590,fraud_alert,medium,6.04,2024/07/02
TKT95389531,15775153,app_bug,low,3.78,05/02/2024
TKT48754890,15696061,fraud_alert,low,20.09,01 Sep 2025
TKT70507010,15700476,FEE_DISPUTE,  medium  ,35.32,2025/08/02
TKT87680750,15765311,fraud_alert,low,17.81,02-07-2024
TKT86712021,15811490,card_decline,low,4.0,01 Oct 2025
TKT85587944,15589030,fraud_alert,medium,20.57,02 Aug 2025
TKT22346050,15630328,login_issue,,13.2,08/01/2024
TKT54390204,15728669,fee_dispute,high,4.65,2025-10-01
TKT14995326,15773890,login_issue,low,3.57,04/02/2025
TKT43340462,15640635,login_issue,low,7.07,2025-05-02
TKT85348944,15685329,app_bug,low,11.68,02-06-2025
TKT95811655,15613319,app_bug,high,15.91,01-06-2024
TKT44791893,15698786,login_issue,low,,2024-07-02
TKT79016879,19843504,fee_dispute,high,35.51,01 Aug 2024
TKT54089900,15777352,fraud_alert,medium,9.59,01-10-2025
TKT46160152,15642041,fee_dispute,low,19.27,07/02/2025
TKT60867422,15620204,fee_dispute,HIGH,11.56,02-03-2025
TKT89113988,15720559,unknown,medium,6.65,31-01-2025
TKT88740747,15683553,transfer_delay,LOW,7.1,2025/06/02
TKT46378168,15644753,login_issue,medium,9.46,07/02/2024
TKT99192681,15694456,fee_dispute,high,9.19,2025/08/02
TKT16328963,15740404,login_issue,,5.75,02-03-2025
TKT69440700,15625047,card_decline,low,14.27,01-01-2025
TKT89707488,15810418,FRAUD_ALERT,medium,15.64,04/02/2025
TKT42307534,15662403,  transfer_delay  ,high,7.33,2024/11/01
TKT39313804,15659557,login_issue,low,44.24,01-01-2025
TKT64520173,15620204,transfer_delay,low,5.77,09/01/2025
TKT73347447,15602280,fee_dispute,low,34.26,02-07-2025
TKT72723846,15660535,fee_dispute,,27.59,01/01/2025
TKT37296988,15633064,card_decline,high,19.61,02 May 2024
TKT52940587,15733247,card_decline,high,28.68,02-06-2025
TKT13283283,15624170,fee_dispute,HIGH,16.16,02-08-2025
TKT32683589,15782390,transfer_delay,medium,2.14,01-10-2025
TKT92355950,15794048,login_issue,low,19.6,02 Mar 2025
TKT60638308,15734565,transfer_delay,low,11.44,2024-11-01
TKT23886306,15788448,transfer_delay,high,-1.2,2025/04/02
TKT56861097,15809248,card_decline,LOW,29.97,2024/10/01
TKT25119441,15597602,card_decline,medium,-5.0,01 Oct 2025
TKT61828952,15717426,fee_dispute,high,10.34,2025-05-02
TKT10710780,15689614,card_decline,high,16.06,2025-10-01
TKT69696172,15616550,fraud_alert,high,,2024/05/02
TKT59408314,15755262,fraud_alert,low,6.37,01 Sep 2024
TKT54871374,15705515,fraud_alert,LOW,22.04,02 Jul 2024
TKT15356676,15804771,FEE_DISPUTE,medium,7.57,02-08-2025
TKT79875871,15581229,fee_dispute,medium,25.85,02 Aug 2025
TKT44337714,15699637,transfer_delay,low,2.96,02 May 2024
TKT95573064,15753719,  card_decline  ,low,14.69,2025-01-01
TKT27108312,15777352,login_issue,critical,9.01,2025/08/02
TKT70708915,15619360,transfer_delay,high,12.91,01-09-2025
TKT14547637,15699430,transfer_delay,medium,10.86,01 Jan 2025
TKT53649886,15721935,transfer_delay,high,19.18,06/01/2024
TKT30689873,15785611,card_decline,low,14.79,2024/11/01
TKT31824528,15797748,fee_dispute,low,21.13,2024/10/01
TKT83864050,15688074,app_bug,high,,02-07-2025
TKT61990375,15766575,fee_dispute,medium,6.97,02 May 2025
TKT31901972,15785869,app_bug,medium,7.97,2025/10/01
TKT81431449,15653620,login_issue,medium,8.06,2025/05/02
TKT93622624,15715142,LOGIN_ISSUE,high,18.06,2024-09-01
TKT60987300,15698474,login_issue,high,24.86,06/01/2024
TKT20901138,15812007,card_decline,CRITICAL,-5.0,02-06-2025
TKT95965372,15593782,card_decline,,6.65,01 Oct 2024
TKT36960315,15594594,fraud_alert,low,11.61,2024/05/02
TKT16652136,15567367,fee_dispute,low,13.47,06/02/2025
TKT17651867,15789484,fee_dispute,low,18.25,02 Jun 2025
TKT33529230,15709737,fee_dispute,MEDIUM,3.2,2024-05-02
TKT22185712,15626900,transfer_delay,medium,10.74,12/01/2024
TKT65691659,15737792,app_bug,low,0.71,01 Jan 2025
TKT47873442,15804919,card_decline,critical,28.61,2024-05-02
TKT38277773,15811490,app_bug,medium,61.44,2024/07/02
TKT35214912,15642394,card_decline,low,,01 Jan 2025
TKT67657203,15701164,app_bug,  low  ,10.12,01-01-2025
TKT58120666,15787174,app_bug,medium,21.22,10/01/2024
TKT51521148,15794056,app_bug,low,39.17,02-03-2025
TKT58532791,15599195,transfer_delay,  low  ,7.55,02-05-2024
TKT38908231,15708916,app_bug,medium,12.73,02 Jul 2024
TKT41691897,15677512,transfer_delay,MEDIUM,32.9,02 Apr 2025
TKT79821889,15603134,transfer_delay,low,10.22,06/01/2024
TKT56746512,15663252,app_bug,critical,4.97,01/01/2025
TKT67899201,15787619,LOGIN_ISSUE,low,14.4,08/02/2025
TKT75397160,19203161,,medium,16.66,2025-06-02
TKT49579416,15623944,fee_dispute,low,43.94,01 Sep 2025
TKT53130111,15589488,card_decline,MEDIUM,10.09,2024/10/01
TKT83065949,15755262,app_bug,high,3.35,09/01/2024
TKT85857836,15760550,fraud_alert,medium,21.52,02-04-2025
TKT52483385,15636673,card_decline,medium,17.65,02 Apr 2025
TKT16246585,15646558,card_decline,medium,12.53,2024-05-02
TKT55983465,15790782,app_bug,medium,9.39,05/02/2024
TKT77205238,15756850,transfer_delay,low,11.12,2025-03-02
TKT68848167,15576269,fraud_alert,low,4.78,2025/07/02
TKT46099112,15595440,fraud_alert,low,14.39,01-06-2024
TKT48979589,15707473,card_decline,high,10.89,06/02/2025
TKT11432467,15812518,card_decline,medium,23.31,2025-06-02
TKT98628266,15591995,login_issue,medium,38.0,2025-08-02
TKT45760049,15789484,fee_dispute,medium,14.07,2025/10/01
TKT21301234,15720910,transfer_delay,medium,9.83,2025-10-01
TKT56154055,15653849,card_decline,medium,11.39,01 Jan 2025
TKT24197496,15703793,card_decline,low,7.27,02-05-2024
TKT42719886,15746490,fee_dispute,high,42.79,2024-09-01
TKT42241170,15681081,login_issue,medium,19.06,08/02/2025
TKT24435712,15729599,fee_dispute,HIGH,27.99,2024-11-01
TKT24113341,15803689,fraud_alert,low,9.04,2024/12/01
TKT73285742,15682541,card_decline,medium,26.41,02-07-2024
TKT81806017,15763274,fraud_alert,low,,2024/05/02
TKT16245980,15725166,  login_issue  ,medium,23.15,2025-07-02
TKT45549667,15684173,,low,11.35,01/31/2025
TKT15349777,15578980,login_issue,high,16.71,2024/10/01
TKT44727487,15815364,fraud_alert,high,14.48,01-10-2025
TKT87714271,15797960,fraud_alert,high,8.52,06/02/2025
TKT41886257,15675316,login_issue,LOW,8.61,2025/06/02
TKT32455017,15802593,  fee_dispute  ,medium,31.35,09/01/2024
TKT18640374,15623595,login_issue,medium,1.91,01-09-2024
TKT19284849,15571221,app_bug,high,15.48,11/01/2024
TKT52844553,15645621,transfer_delay,  low  ,24.8,2024/10/01
TKT19678896,15575024,card_decline,MEDIUM,29.13,06/02/2025
TKT67938253,15619360,card_decline,low,39.59,02 Jul 2024
TKT67491308,15699430,transfer_delay,medium,11.67,02-05-2024
TKT13178835,15717225,card_decline,MEDIUM,33.72,01 Aug 2024
TKT35966035,15673693,login_issue,medium,11.06,2024/06/01
TKT35986692,15771086,app_bug,high,24.16,02 Jul 2025
TKT88159738,15573456,card_decline,critical,,02-05-2025
TKT62813483,15747807,card_decline,medium,2.63,2025-05-02
TKT29995074,19351595,fee_dispute,low,17.3,01 Jan 2025
TKT19962539,15585388,login_issue,medium,16.86,01-09-2025
TKT32008609,15810978,card_decline,low,5.05,01 Nov 2024
TKT65848939,15637954,fee_dispute,low,12.89,2024-12-01
TKT69481955,15668444,fee_dispute,  high  ,28.07,2025-08-02
TKT28548205,15705521,LOGIN_ISSUE,MEDIUM,10.56,02-07-2024
TKT15695526,15777892,  app_bug  ,medium,24.4,01-09-2024
TKT79753227,15706647,login_issue,medium,15.79,2025-05-02
TKT59756093,15635367,transfer_delay,medium,16.39,2025-01-01
TKT25362400,15605926,transfer_delay,low,6.44,2025-03-02
TKT24949108,15713578,unknown,low,36.53,11/01/2024
TKT76025195,15581229,  app_bug  ,medium,6.72,01-09-2025
TKT12052022,15591100,app_bug,HIGH,3.31,2024-11-01
TKT11318282,15812750,fraud_alert,high,18.08,01 Sep 2024
TKT59263819,15657566,,high,9.54,2025-06-02
TKT64601065,15625524,fraud_alert,low,4.97,2025-04-02
TKT13354739,15774393,fraud_alert,low,5.38,2025/06/02
TKT14362424,15764866,fraud_alert,  low  ,10.9,2025/04/02
TKT92879305,15762729,card_decline,LOW,19.55,2025/06/02
TKT79071019,15789158,,high,2.41,10/01/2024
TKT72592462,15619529,app_bug,LOW,9.15,2024-06-01
TKT80026204,15706552,fee_dispute,high,2.36,06/02/2025
TKT71278597,15593365,fraud_alert,high,11.0,2025/09/01
TKT30118968,15693683,app_bug,medium,20.24,02 Jul 2025
TKT99208001,15580203,  fraud_alert  ,low,6.5,2024/06/01
TKT59805838,15790678,login_issue,high,7.86,01 Oct 2024
TKT36225115,15697307,transfer_delay,medium,35.31,31 Jan 2025
TKT64375609,15660535,transfer_delay,low,5.29,01-06-2024
TKT15791885,15811127,card_decline,high,5.49,2025/09/01
TKT49040332,15608968,transfer_delay,high,30.09,02 Jul 2025
TKT99920948,15736816,APP_BUG,,18.52,2025-10-01
TKT95442673,15667896,fraud_alert,low,,2024-11-01
TKT44610765,15789669,fee_dispute,medium,40.97,2025/05/02
TKT65579749,15736601,login_issue,high,9.82,04/02/2025
TKT15779977,15808582,card_decline,medium,20.74,05/02/2024
TKT86939148,15720187,transfer_delay,HIGH,5.5,01-09-2025
TKT94953769,15798398,login_issue,  medium  ,8.37,02 Jun 2025
TKT20024477,15658032,card_decline,low,12.48,2024/05/02
TKT45236296,15736112,fee_dispute,low,37.46,01 Jan 2025
TKT64350436,15767339,login_issue,medium,4.48,01/31/2025
TKT38739597,15682048,fraud_alert,  high  ,11.46,2025-10-01
TKT10794153,15745417,transfer_delay,critical,3.16,2025-06-02
TKT54583306,15674991,fee_dispute,low,17.4,2024-09-01
TKT21169714,15710825,login_issue,medium,10.86,06/01/2024
TKT35609769,15668747,transfer_delay,high,2.07,02-05-2025
TKT75379276,15742668,fraud_alert,low,10.55,2024-06-01
TKT20727341,15611579,app_bug,MEDIUM,36.32,01-11-2024
TKT48578229,15744607,login_issue,LOW,3.92,2025-01-01
TKT16191883,15578761,login_issue,low,15.1,2025-01-31
TKT29324974,15715941,transfer_delay,low,4.53,2025/06/02
TKT70700611,15659428,transfer_delay,low,11.48,2025/01/01
TKT15647989,15806964,login_issue,critical,24.13,2025-01-01
TKT51917623,15733247,transfer_delay,medium,19.67,2025-10-01
TKT17158231,15620344,fraud_alert,medium,28.35,07/02/2025
TKT48547495,15600739,APP_BUG,medium,13.21,2024/05/02
TKT49277465,15690452,fraud_alert,low,2.77,10/01/2024
TKT64642256,15739803,card_decline,low,35.58,2025/06/02
TKT94306567,15743411,card_decline,low,25.46,02-04-2025
TKT50655997,15656333,transfer_delay,high,,08/01/2024
TKT21191713,15785519,app_bug,medium,6.74,02-05-2024
TKT73317487,15806926,fee_dispute,low,,2025/03/02
TKT35616721,19960004,login_issue,high,19.43,05/02/2024
TKT57269535,15698028,login_issue,low,5.83,10/01/2024
TKT85380555,15625524,fraud_alert,high,13.38,2025/07/02
TKT72040316,15592979,login_issue,low,27.63,2024-12-01
TKT14900048,15797964,card_decline,medium,18.37,2025/04/02
TKT42643571,15714485,  login_issue  ,medium,1.43,2024-10-01
TKT26970181,15754084,,low,22.07,10/01/2024
TKT78514271,15809663,login_issue,low,14.74,05/02/2025
TKT62415708,15592387,login_issue,low,6.97,11/01/2024
TKT87510550,15578186,fee_dispute,  medium  ,13.38,01 Jan 2025
TKT17477449,15768193,fraud_alert,medium,23.29,12/01/2024
TKT69080722,15628936,fee_dispute,low,8.85,01-10-2024
TKT25454990,15688251,CARD_DECLINE,high,6.48,06/01/2024
TKT39362264,15580146,fee_dispute,medium,23.2,2025/01/01
TKT61225607,15704769,fee_dispute,low,2.52,2025-08-02
TKT63977953,15804586,card_decline,  low  ,5.52,02-06-2025
TKT66593588,15762615,login_issue,low,4.97,01-11-2024
TKT70157971,15776223,transfer_delay,LOW,17.46,2025-04-02
TKT54097694,15746490,fraud_alert,  low  ,13.05,2024/10/01
TKT95989474,15716155,fee_dispute,low,12.3,07/02/2025
TKT76353806,15743040,transfer_delay,medium,17.67,09/01/2025
TKT27718390,15807709,card_decline,HIGH,30.57,2025/06/02
TKT20231326,15567832,app_bug,low,16.88,2025-03-02
TKT14198221,15660211,transfer_delay,medium,17.34,12/01/2024
TKT31360196,15745295,card_decline,low,2.04,2024-12-01
TKT92821961,15772896,login_issue,medium,4.0,05/02/2024
TKT15508852,15680998,fraud_alert,medium,7.53,2025/04/02
TKT61682384,15582797,,  low  ,16.34,2024-05-02
TKT22907519,15585388,transfer_delay,low,14.63,02-04-2025
TKT62912061,15696231,app_bug,high,5.71,2025-01-01
TKT74761748,15622911,login_issue,high,15.85,11/01/2024
TKT59955183,15566091,card_decline,critical,28.73,2025/01/31
TKT63827204,15783501,fraud_alert,high,41.37,2025-07-02
TKT27914487,15595766,transfer_delay,MEDIUM,,07/02/2025
TKT27633929,15803764,transfer_delay,low,14.55,01 Aug 2024
TKT40184314,15792388,login_issue,low,,08/01/2024
TKT65289805,15705620,unknown,medium,3.56,03/02/2025
TKT94686195,15583725,,low,4.45,01-11-2024
TKT44785129,15585362,fee_dispute,LOW,16.78,2024-07-02
TKT82108307,15598883,transfer_delay,medium,5.58,03/02/2025
TKT12406823,15704770,transfer_delay,low,3.01,2025-10-01
TKT78123392,15709295,transfer_delay,low,24.12,01-09-2024
TKT49562863,15633059,fee_dispute,MEDIUM,37.48,09/01/2024
TKT13316638,15659843,fraud_alert,high,37.81,03/02/2025
TKT57208844,15732963,card_decline,critical,12.95,01/31/2025
TKT30528761,15666252,fee_dispute,medium,14.1,01 Oct 2025
TKT25154654,15587421,  fraud_alert  ,high,17.94,02 Jun 2025
TKT14306427,15686776,app_bug,LOW,24.59,09/01/2024
TKT96107352,15605447,app_bug,low,4.4,02 Jun 2025
TKT40521849,15684181,TRANSFER_DELAY,medium,8.38,02-04-2025
TKT15893505,15805955,login_issue,low,3.41,2024-06-01
TKT89604832,15759618,fraud_alert,medium,,2024/05/02
TKT35212454,15811773,login_issue,MEDIUM,6.01,02 Jul 2024
TKT35785961,15577657,login_issue,low,18.83,09/01/2025
TKT48661988,15625021,fee_dispute,high,17.54,08/01/2024
TKT98821167,15662976,fraud_alert,low,6.27,2024-05-02
TKT64672065,15698932,fee_dispute,low,1.79,2024/11/01
TKT61458498,15658032,login_issue,low,35.66,01/01/2025
TKT97330256,15750141,transfer_delay,low,9999.99,06/01/2024
TKT67355029,15712543,fee_dispute,low,7.28,06/01/2024
TKT30258863,15607178,app_bug,medium,38.03,05/02/2024
TKT64707211,15626578,app_bug,low,9.01,2024-06-01
TKT58100106,15605284,fee_dispute,high,3.73,2024-11-01
TKT34488037,15643696,app_bug,low,7.67,01-12-2024
TKT92279043,15630328,transfer_delay,medium,42.75,01/01/2025
TKT74404108,15644572,fraud_alert,low,1.88,02 Jul 2025
TKT39975645,15793726,  fee_dispute  ,  medium  ,15.29,2024/07/02
TKT57160799,15703119,card_decline,high,11.63,09/01/2024
TKT45192351,15612525,app_bug,  medium  ,11.11,01-06-2024
TKT83717094,15650237,fraud_alert,low,17.11,01 Nov 2024
TKT59419647,15757811,  fraud_alert  ,medium,14.98,02-07-2024
TKT28616712,15637954,app_bug,low,10.0,2024/08/01
TKT11825966,15592531,app_bug,low,38.1,01 Oct 2025
TKT44831042,15748936,fraud_alert,MEDIUM,6.39,01 Jun 2024
TKT36849678,15785798,fee_dispute,medium,21.76,02-07-2025
TKT90367727,15607040,app_bug,critical,18.98,2025/08/02
TKT76167196,15798906,  transfer_delay  ,low,5.32,2024-12-01
TKT16282548,15591047,fee_dispute,medium,23.26,02-08-2025
TKT75419618,15727299,card_decline,LOW,2.07,01 Oct 2024
TKT72747240,15669516,login_issue,medium,0.0,2024-05-02
TKT86375393,15767339,login_issue,medium,10.0,02-04-2025
TKT69600462,15750803,app_bug,medium,14.27,08/01/2024
TKT12458270,15787155,transfer_delay,high,38.71,08/02/2025
TKT10619020,15738721,fraud_alert,medium,3.68,02 Jul 2024
TKT74499882,15622897,fraud_alert,high,14.04,2025-05-02
TKT34050350,15738181,fee_dispute,,8.99,10/01/2024
TKT86389322,15771873,fraud_alert,high,,01 Oct 2024
TKT75850080,15587562,card_decline,low,4.13,2025-01-31
TKT33742895,15762238,card_decline,,12.36,2024-06-01
TKT15537421,15677610,fraud_alert,medium,41.54,11/01/2024
TKT59533795,15790299,card_decline,low,4.84,2024/10/01
TKT50901555,15667871,app_bug,low,13.48,2024/08/01
TKT14712082,15645772,transfer_delay,low,37.91,02-06-2025
TKT12300378,15622003,login_issue,low,20.74,02 May 2025
TKT31311899,15677305,app_bug,low,10.94,2025/08/02
TKT80502249,15801488,CARD_DECLINE,low,,2025/01/31
TKT44857594,15690134,fraud_alert,medium,16.32,2025-01-01
TKT97485722,15792360,app_bug,high,5.19,2025-01-31
TKT14939429,15599792,fee_dispute,  medium  ,14.72,2024/09/01
TKT97940071,15763859,login_issue,low,20.87,2025/01/01
TKT11931608,15655774,fee_dispute,high,8.57,01 Sep 2025
TKT65960745,15573152,fee_dispute,low,1.91,02 Jul 2024
TKT72502188,15694860,login_issue,low,33.09,2025-04-02
TKT65120095,15804771,transfer_delay,  low  ,9.35,01-09-2025
TKT67425579,15651280,card_decline,high,66.11,2025/07/02
TKT62707643,15654238,APP_BUG,low,25.88,2024-07-02
TKT97601865,15670080,card_decline,medium,21.39,01 Dec 2024
TKT91943626,15706021,login_issue,low,2.2,01-06-2024
TKT16087559,15600974,login_issue,critical,34.63,2025-07-02
TKT65877733,15605461,fee_dispute,low,6.59,08/01/2024
TKT73343596,15727556,app_bug,low,10.57,2025/05/02
TKT44323051,15807008,login_issue,  medium  ,7.14,2025-09-01
TKT58418019,15667871,LOGIN_ISSUE,critical,12.29,09/01/2024
TKT85805934,15720893,fee_dispute,high,29.23,2024-07-02
TKT55802320,15603830,fraud_alert,medium,41.73,05/02/2024
TKT75300499,15661036,app_bug,low,11.5,2025-10-01
TKT90389490,15653253,fraud_alert,medium,3.7,01 Sep 2025
TKT60289007,15787155,fee_dispute,medium,20.34,2024/10/01
TKT78931125,15624729,fraud_alert,high,,2024/10/01
TKT66607817,15686137,card_decline,low,29.3,02 Mar 2025
TKT23501527,15582616,app_bug,medium,23.73,2025/03/02
TKT99928575,15755648,unknown,medium,37.92,12/01/2024
TKT92266186,15591969,fee_dispute,critical,10.54,2024-07-02
TKT38215840,15637753,card_decline,  low  ,9999.99,2025/08/02
TKT79127315,15699461,card_decline,low,21.47,02-07-2025
TKT89169681,15692463,login_issue,low,3.92,2024-10-01
TKT76776998,15815364,TRANSFER_DELAY,high,9.03,2025-07-02
TKT38410117,15645772,app_bug,medium,24.78,08/02/2025
TKT51391340,15576352,fraud_alert,high,24.54,02-07-2025
TKT18869110,15685357,app_bug,medium,14.02,2024-09-01
TKT26055127,15709295,fraud_alert,low,9999.99,2025/08/02
TKT82690244,15803136,,high,11.48,02-07-2024
TKT35989605,15739803,app_bug,medium,29.17,01 Aug 2024
TKT40762950,15637979,card_decline,low,13.03,01 Sep 2025
TKT14886197,15779659,login_issue,low,10.51,02-07-2024
TKT30507901,15590876,transfer_delay,medium,,09/01/2024
TKT26701552,15807709,fee_dispute,medium,12.01,2025-05-02
TKT30385502,15589975,fee_dispute,low,17.65,2024-08-01
TKT14069260,15756850,card_decline,medium,12.89,2025-04-02
TKT96572372,15808621,,medium,16.16,02-07-2024
TKT80895613,15745527,  transfer_delay  ,medium,32.43,02 Jun 2025
TKT15390785,15622003,card_decline,high,,01 Dec 2024
TKT41410275,15769974,app_bug,  low  ,13.3,01 Oct 2024
TKT75462081,15716164,fee_dispute,  medium  ,5.25,02-07-2024
TKT35075941,15680970,app_bug,high,4.81,05/02/2024
TKT65973296,15702968,fee_dispute,low,,02-06-2025
TKT96712153,15594815,transfer_delay,high,16.04,2025/06/02
TKT95507935,15725811,fee_dispute,high,42.99,03/02/2025
TKT67499766,15808621,fee_dispute,critical,9.07,2025/04/02
TKT43835039,15601848,transfer_delay,medium,22.76,2024/11/01
TKT34619437,15803976,card_decline,medium,1.84,01 Oct 2024
TKT92278153,15653857,card_decline,  medium  ,16.56,2024/11/01
TKT89698829,15574692,card_decline,  low  ,42.23,01-06-2024
TKT72355101,15702741,transfer_delay,medium,1.06,01 Nov 2024
TKT71237006,15788218,transfer_delay,medium,11.48,2024-09-01
TKT16287798,15731744,fraud_alert,low,9.51,01 Dec 2024
TKT11383287,15614049,,medium,16.05,2025/06/02
TKT72468656,15680920,transfer_delay,medium,29.04,31-01-2025
TKT62545924,15643024,transfer_delay,high,,2025/04/02
TKT37980453,15637979,fraud_alert,medium,19.31,02 Apr 2025
TKT36225115,15697307,transfer_delay,medium,35.31,31 Jan 2025
TKT37996921,15611325,card_decline,low,12.67,11/01/2024
TKT30284563,15812351,fee_dispute,medium,9.09,2024/07/02
TKT59422651,15702741,card_decline,,20.57,01 Jan 2025
TKT76361165,15714485,app_bug,medium,19.53,02 May 2024
TKT64738765,15661526,TRANSFER_DELAY,low,25.84,10/01/2025
TKT37807258,15594720,login_issue,low,36.53,02 May 2024
TKT88165013,15660101,fee_dispute,low,20.17,01-10-2024
TKT34259158,15620505,transfer_delay,low,18.61,2025-06-02
TKT68546205,15604482,app_bug,HIGH,18.69,2025-05-02
TKT56232875,15626114,transfer_delay,medium,25.98,06/02/2025
TKT79678603,15709737,app_bug,medium,16.56,2025/01/01
TKT68714211,15750803,fee_dispute,medium,3.89,2024-12-01
TKT55595002,15623944,fraud_alert,medium,12.17,2025/08/02
TKT28976751,15738191,app_bug,low,17.15,04/02/2025
TKT16151310,15767821,transfer_delay,low,18.96,11/01/2024
TKT80836310,15695632,transfer_delay,low,0.0,2025/08/02
TKT39896125,15775625,login_issue,critical,11.67,2025/01/01
TKT77250505,15633648,card_decline,low,30.61,01 Oct 2025
TKT56575471,15620344,card_decline,medium,,2024-10-01
TKT29646368,15679587,login_issue,low,26.18,01-11-2024
TKT84517548,15792328,fee_dispute,high,11.54,02-04-2025
TKT33426127,15614782,APP_BUG,low,22.59,2025/08/02
TKT40379161,15613772,card_decline,medium,13.13,2025-06-02
TKT59532392,15594720,fraud_alert,low,12.68,01-09-2025
TKT28839809,15613880,fraud_alert,  high  ,11.5,2025/01/01
TKT75177823,15745012,,medium,31.72,02 Aug 2025
TKT16390225,15612525,  login_issue  ,MEDIUM,8.54,01-12-2024
TKT80859499,15607312,fee_dispute,HIGH,9.83,09/01/2024
TKT28243302,15592846,card_decline,critical,14.38,01-10-2025
TKT32455017,15802593,  fee_dispute  ,medium,31.35,09/01/2024
TKT69794583,15623521,fee_dispute,medium,15.24,01-01-2025
TKT68519104,15689044,fee_dispute,low,34.16,2024-10-01
TKT46464044,15580148,card_decline,medium,9.26,2025/06/02
TKT37936148,15637753,app_bug,low,9.69,01 Oct 2024
TKT30292087,15769504,fee_dispute,critical,10.33,2025/08/02
TKT56279025,15747960,fraud_alert,medium,11.11,2025-03-02
TKT51118984,15697183,fraud_alert,medium,10.89,01 Oct 2024
TKT29044232,15634602,app_bug,medium,1.28,01-10-2025
TKT99956628,15810834,transfer_delay,low,10.8,04/02/2025
TKT39791992,15761043,fee_dispute,low,11.46,11/01/2024
TKT97124177,15615624,fraud_alert,low,20.7,2025/03/02
TKT18595371,15665238,login_issue,low,12.16,01 Sep 2024
TKT36561340,15798398,login_issue,low,,01/01/2025
TKT74919817,15684171,fraud_alert,LOW,10.8,31-01-2025
TKT50564194,15768193,,medium,17.39,08/02/2025
TKT65202330,15628145,transfer_delay,low,12.53,01-09-2024
TKT89707488,15810418,FRAUD_ALERT,medium,15.64,04/02/2025
TKT62019994,15797748,fraud_alert,high,8.92,2025/01/01
TKT71717682,15665956,login_issue,medium,20.43,2025-01-01
TKT19180508,15662100,card_decline,MEDIUM,10.76,02 Mar 2025
TKT72129812,15662736,transfer_delay,MEDIUM,3.55,01 Dec 2024
TKT98937289,15670755,login_issue,low,6.96,31-01-2025
TKT21167681,15592386,fraud_alert,low,13.32,01-06-2024
TKT85150403,15573112,fraud_alert,low,14.89,2025-03-02
TKT98535626,15583212,app_bug,low,13.9,09/01/2024
TKT68310992,15736816,login_issue,medium,8.12,2025/10/01
TKT77403084,15665790,app_bug,  low  ,17.16,2024/07/02
TKT80516223,15574012,transfer_delay,low,33.26,2024-08-01
TKT50228337,15777892,app_bug,low,28.65,01-06-2024
TKT36423217,15611088,login_issue,  low  ,12.88,2024/08/01
TKT94638125,15682048,login_issue,high,20.22,2024/12/01
TKT49961073,15753831,card_decline,low,31.73,10/01/2025
TKT11937906,15585595,card_decline,low,,2025/10/01
TKT79942463,15777211,fraud_alert,low,7.75,02-05-2024
TKT62612918,15709324,card_decline,MEDIUM,5.17,07/02/2025
TKT86223904,15733797,fee_dispute,high,6.9,02 Aug 2025
TKT28424974,15657284,fee_dispute,high,4.83,01-01-2025
TKT23181892,15756026,login_issue,low,14.7,01 Dec 2024
TKT42835369,15745324,login_issue,low,37.52,05/02/2024
TKT95477061,15801277,card_decline,medium,23.77,02-05-2024
TKT14241242,15719377,fraud_alert,low,8.55,01-10-2024
TKT22886087,15574692,  fee_dispute  ,medium,10.26,2025-03-02
TKT45720581,15765297,transfer_delay,low,20.63,01 Sep 2024
TKT81302822,15706647,unknown,low,15.35,2024-06-01
TKT40282067,15730447,fee_dispute,LOW,12.32,01-06-2024
TKT78895472,15712825,login_issue,low,18.32,01 Oct 2025
TKT14697298,15626742,login_issue,low,8.28,01/01/2025
TKT10335295,15682472,fraud_alert,medium,22.14,05/02/2025
TKT26051654,15754849,card_decline,low,27.2,2025-01-01
TKT37615045,15675522,login_issue,medium,18.27,02-03-2025
TKT50029987,15595766,login_issue,medium,7.04,2024-08-01
TKT19173688,19334348,fraud_alert,low,18.02,2024/12/01
TKT19157186,15702968,fraud_alert,medium,9.55,2024-08-01
TKT74245224,15756475,fee_dispute,medium,0.0,06/02/2025
TKT95682851,15683562,app_bug,medium,14.1,2025-08-02
TKT25393531,15794048,transfer_delay,high,12.76,01 Nov 2024
TKT26752267,15707567,fraud_alert,LOW,18.54,01 Jan 2025
TKT99092218,15672692,transfer_delay,high,22.55,01-06-2024
TKT66044260,15587421,transfer_delay,medium,7.9,2025-06-02
TKT45644967,15806983,transfer_delay,critical,18.67,01-11-2024
TKT63369425,15724563,  card_decline  ,medium,31.91,07/02/2024
TKT87686427,15753337,card_decline,medium,4.35,06/01/2024
TKT94360897,15712403,transfer_delay,  low  ,0.25,01 Nov 2024
TKT95676841,15763431,transfer_delay,  low  ,24.1,01-09-2025
TKT96038583,15747795,fee_dispute,  high  ,30.23,02 Aug 2025
TKT86690763,15640905,app_bug,low,13.82,2024/06/01
TKT48161320,15765311,card_decline,critical,18.16,2024-12-01
TKT89020196,15797227,app_bug,low,15.67,01-01-2025
TKT38938130,15725311,fee_dispute,high,11.48,2025/05/02
TKT20530482,15576269,fee_dispute,low,3.13,2025/01/01
TKT14015257,15708917,transfer_delay,medium,26.91,2025/09/01
TKT42862809,15702014,,low,7.34,2024/12/01
TKT78021695,15737173,  fee_dispute  ,  medium  ,28.55,2024/12/01
TKT58281119,15776231,transfer_delay,MEDIUM,5.91,2025-07-02
TKT20792217,15593773,fraud_alert,medium,1.84,01-08-2024
TKT59142676,15806983,transfer_delay,LOW,5.77,02-05-2024
TKT93279776,15686436,card_decline,low,11.0,2025/01/31
TKT86684684,15694506,card_decline,  medium  ,10.05,2024/06/01
TKT84475855,15615457,fraud_alert,medium,4.97,2024-06-01
TKT72718303,15684042,transfer_delay,MEDIUM,10.0,2024-11-01
TKT90957714,15805565,transfer_delay,CRITICAL,11.19,02 Jul 2024
TKT92553684,15695585,app_bug,,3.14,2025/10/01
TKT49846647,15613172,  login_issue  ,medium,3.38,2025-07-02
TKT47471013,15797736,fee_dispute,low,13.19,31 Jan 2025
TKT20748964,15786308,fraud_alert,low,2.1,02 Aug 2025
TKT74925998,15743007,fee_dispute,high,11.51,02 Apr 2025
TKT85048797,15696859,fraud_alert,high,1.83,07/02/2025
TKT47355471,15600651,app_bug,low,13.17,2024-10-01
TKT98811103,15584518,fraud_alert,medium,,2025-01-01
TKT62604228,15780140,login_issue,low,25.25,2025/05/02
TKT44280914,15614215,transfer_delay,medium,2.29,2025-09-01
TKT44411747,15681554,transfer_delay,low,10.96,2025-07-02
TKT49073390,15799384,app_bug,low,33.49,2025-09-01
TKT83382868,15638424,login_issue,low,32.16,2025/06/02
TKT92735377,15785899,fee_dispute,medium,21.13,08/01/2024
TKT43664145,15593782,fraud_alert,low,7.97,2025-04-02
TKT77779826,15652266,fee_dispute,  high  ,10.49,02-07-2025
TKT51648950,15685320,fee_dispute,low,8.57,09/01/2025
TKT49579416,15623944,fee_dispute,low,43.94,01 Sep 2025
TKT21514784,15759537,login_issue,  high  ,12.05,2025-06-02
TKT23344434,15568506,fee_dispute,critical,5.24,2025-09-01
TKT49574387,15786308,card_decline,medium,,07/02/2025
TKT62087031,15763274,  app_bug  ,low,8.52,10/01/2024
TKT68356550,15658169,card_decline,medium,8.32,02-05-2024
TKT97044096,15758639,unknown,low,30.42,10/01/2024
TKT86120724,15674398,app_bug,medium,4.53,2025/10/01
TKT15997416,15745295,card_decline,medium,18.61,2025/10/01
TKT73664439,15775306,transfer_delay,medium,8.59,01 Sep 2024
TKT15794662,15747867,transfer_delay,high,24.83,09/01/2024
TKT52282613,15740900,transfer_delay,medium,,2025/01/01
TKT83465988,15667215,app_bug,medium,,02-05-2024
TKT43708807,15745354,app_bug,medium,-1.2,01-10-2024
TKT42782152,15803976,transfer_delay,low,8.45,02-03-2025
TKT49589952,15685226,login_issue,critical,34.44,09/01/2025
TKT71425695,15592389,fee_dispute,low,,2024/05/02
TKT67692938,15690673,transfer_delay,,26.88,01-09-2024
TKT47747090,15705639,transfer_delay,low,5.23,07/02/2024
TKT53307846,15592461,app_bug,MEDIUM,6.89,2025/01/01
TKT20608792,15683625,fraud_alert,medium,9.65,02-06-2025
TKT23114778,15733797,fee_dispute,medium,5.96,02 May 2024
TKT61053095,15727829,login_issue,medium,14.58,2024-12-01
TKT85345769,15591969,CARD_DECLINE,  medium  ,16.93,01-01-2025
TKT99259311,15695699,transfer_delay,  low  ,14.16,12/01/2024
TKT66283634,15636624,transfer_delay,high,13.39,02 Jul 2024
TKT80743330,15768104,card_decline,low,5.21,2025/09/01
TKT57593303,15761986,transfer_delay,critical,-5.0,01 Jan 2025
TKT29633426,15604348,fee_dispute,high,7.84,2024-11-01
TKT82254192,15719856,fee_dispute,high,4.93,01-10-2025
TKT99778344,15655339,app_bug,low,14.0,01-12-2024
TKT50020479,15610156,transfer_delay,high,3.61,2024-08-01
TKT41463269,15766205,card_decline,critical,21.81,2024/09/01
TKT29951423,15739438,  login_issue  ,low,3.0,03/02/2025
TKT47253862,15684181,transfer_delay,high,16.89,2024/12/01
TKT75726123,15592937,app_bug,low,24.8,2024/09/01
TKT91501945,15773972,fee_dispute,low,11.48,06/02/2025
TKT90480931,15587535,  fraud_alert  ,low,8.77,2024-07-02
TKT56898419,15750658,  transfer_delay  ,low,22.65,01 Aug 2024
TKT97627037,15694272,  card_decline  ,low,34.17,2024-07-02
TKT86431125,15805112,transfer_delay,high,10.02,02 Aug 2025
TKT17944210,15673481,,medium,12.7,2024-08-01
TKT44578812,15587535,card_decline,low,2.91,05/02/2024
TKT13490273,15653780,card_decline,medium,6.55,01/01/2025
TKT86538805,15728693,card_decline,low,,2024-05-02
TKT59080280,15762218,login_issue,medium,5.2,01 Sep 2024
TKT71424035,15762418,fraud_alert,low,22.43,02-07-2025
TKT39369857,15805955,FEE_DISPUTE,LOW,18.34,2025-05-02
TKT57151501,15779711,transfer_delay,high,3.56,2025/04/02
TKT81459033,15813844,card_decline,low,0.0,01 Sep 2025
TKT97152530,15716186,fraud_alert,low,-1.2,2025/01/31
TKT80298139,15683503,transfer_delay,low,28.91,2025-06-02
TKT49343548,15740476,card_decline,medium,2.85,2025/08/02
TKT96291224,15624528,FEE_DISPUTE,  medium  ,4.92,2024-08-01
TKT50795746,15796505,fraud_alert,low,4.75,02 Jul 2024
TKT89151345,15691483,login_issue,medium,4.04,02 Jul 2025
TKT13342602,15734674,  transfer_delay  ,,19.78,2025/03/02
TKT95218276,15629448,login_issue,medium,2.4,2024/07/02
TKT41810323,15672056,app_bug,low,16.05,02 Jun 2025
TKT40737042,15697497,fee_dispute,LOW,12.34,2025-10-01
TKT64700973,15802593,app_bug,MEDIUM,33.27,2024/12/01
TKT29306754,15659557,card_decline,high,6.01,2024-06-01
TKT31129258,15625461,fee_dispute,  critical  ,11.63,01-01-2025
TKT37507371,15789158,fee_dispute,low,21.21,01 Nov 2024
TKT18947371,15639314,login_issue,critical,17.88,02-07-2025
TKT49145811,15800440,fraud_alert,medium,8.36,01/31/2025
TKT56861097,15809248,card_decline,LOW,29.97,2024/10/01
TKT36202536,15583303,  fee_dispute  ,low,10.79,2024/06/01
TKT63090346,15619304,fee_dispute,medium,2.56,08/01/2024
TKT67869501,15788291,transfer_delay,low,18.2,2024/11/01
TKT43594067,15766908,fraud_alert,low,47.88,02 May 2025
TKT14227512,15599433,app_bug,medium,11.92,02-06-2025
TKT63425186,15780961,login_issue,medium,38.38,2025-05-02
TKT80216231,15774696,fee_dispute,low,17.35,06/02/2025
TKT10217182,15772423,login_issue,low,30.34,01 Jan 2025
TKT61733877,15799384,fee_dispute,medium,12.32,2025-03-02
TKT75174871,15803716,transfer_delay,low,29.8,2025-01-31
TKT68081816,15724623,login_issue,high,,2025/09/01
TKT34346763,15685226,fraud_alert,medium,,01 Oct 2025
TKT67357915,15673570,app_bug,medium,4.39,2025/01/31
TKT83623067,15686436,app_bug,medium,8.07,2025-01-01
TKT31751301,15780804,login_issue,medium,20.01,2025-04-02
TKT13973063,15686776,login_issue,high,9.61,03/02/2025
TKT11893949,15760431,app_bug,medium,12.87,2025/06/02
TKT34593380,15694717,app_bug,low,10.35,2024-10-01
TKT62811482,15734886,fraud_alert,high,8.91,2024/05/02
TKT90637894,15632210,card_decline,medium,24.4,2025-06-02
TKT99206539,15699005,login_issue,low,1.86,02-05-2024
TKT95050749,15675964,app_bug,MEDIUM,44.8,2024-05-02
TKT70943872,15693864,app_bug,low,3.42,08/02/2025
TKT14845213,15813034,fee_dispute,  low  ,37.82,31 Jan 2025
TKT13392072,15813034,login_issue,low,6.89,09/01/2024
TKT81001765,15711540,login_issue,low,24.91,02 Mar 2025
TKT96611067,15568240,login_issue,low,11.36,04/02/2025
TKT65444146,15665678,card_decline,medium,19.16,2024-05-02
TKT26791588,15734886,login_issue,critical,82.37,01-08-2024
TKT25485596,15736534,app_bug,medium,28.79,2025-01-31
TKT60593173,15718673,card_decline,low,5.75,2025-03-02
TKT46991162,15810845,login_issue,high,8.98,02-03-2025
TKT87555102,15662100,fee_dispute,medium,9.03,2024-06-01
TKT79228294,15693864,fee_dispute,low,28.69,06/01/2024
TKT75557454,15749167,fraud_alert,LOW,9.13,2025-10-01
TKT84827144,15686983,fraud_alert,low,6.31,01 Dec 2024
TKT86848864,15777076,fraud_alert,low,47.73,2025/01/31
TKT60541850,15725737,login_issue,medium,12.51,05/02/2025
TKT37028769,15706552,fee_dispute,low,11.7,03/02/2025
TKT30202397,15647099,transfer_delay,medium,37.01,10/01/2024
TKT73108832,15641732,  app_bug  ,high,3.07,07/02/2024
TKT74455126,15795564,transfer_delay,low,5.45,2024-06-01
TKT43687080,15781589,fraud_alert,low,35.43,02-04-2025
TKT44447706,15810218,app_bug,critical,10.27,02 Jul 2024
TKT40571534,15703264,transfer_delay,high,24.71,10/01/2025
TKT46067410,15807432,login_issue,  high  ,56.58,2025-04-02
TKT20724032,15655007,fraud_alert,medium,,2025-04-02
TKT35996762,15813850,fee_dispute,  medium  ,2.1,06/01/2024
TKT72856142,15727299,transfer_delay,high,12.29,10/01/2025
TKT27608467,15642291,card_decline,LOW,9.41,2025-07-02
TKT95648294,15660271,login_issue,critical,14.66,01 Sep 2025
TKT30540090,15774393,transfer_delay,medium,10.37,01-06-2024
TKT11163335,15659098,fraud_alert,high,9.91,01-11-2024
TKT24388615,15630910,transfer_delay,medium,1.68,06/02/2025
TKT60971803,15571816,card_decline,low,19.8,09/01/2025
TKT29256235,15654060,transfer_delay,low,9.01,02-04-2025
TKT94402169,15745621,fee_dispute,low,1.17,2025-03-02
TKT57008417,15804586,login_issue,low,9.51,01-01-2025
TKT46195218,15770811,app_bug,medium,-1.2,02 Jul 2025
TKT29130953,15633283,login_issue,medium,16.69,02-05-2024
TKT47200303,15684173,transfer_delay,low,-1.2,02 Jun 2025
TKT91352972,15776780,login_issue,medium,11.04,2025-01-01
TKT79243878,15645621,transfer_delay,medium,8.72,04/02/2025
TKT97056223,15663478,app_bug,medium,6.32,05/02/2025
TKT40105518,15758685,fraud_alert,medium,-5.0,2024/06/01
TKT96659864,15718057,fee_dispute,medium,15.33,04/02/2025
TKT66978606,15654238,fraud_alert,  low  ,7.17,2025-06-02
TKT79940805,19880381,transfer_delay,high,12.42,07/02/2024
TKT18423711,15696674,transfer_delay,high,4.65,01 Oct 2024
TKT73222863,15633537,fee_dispute,high,9.87,2025-01-31
TKT89052289,15771977,  fee_dispute  ,medium,17.31,2024-11-01
TKT95298026,15737792,fraud_alert,  low  ,12.78,02-05-2025
TKT52988678,15676715,fee_dispute,medium,26.69,2024-08-01
TKT16428951,15613085,transfer_delay,  high  ,19.52,2025/09/01
TKT80050970,15613786,fraud_alert,critical,21.03,2025-01-31
TKT15291069,15742668,card_decline,high,25.26,01 Jun 2024
TKT80689961,15804017,  login_issue  ,high,17.87,01-10-2025
TKT46669615,15784209,app_bug,low,4.01,2024/05/02
TKT88183599,15700772,transfer_delay,low,45.19,02-05-2025
TKT26883200,15733616,fraud_alert,high,12.27,01-11-2024
TKT92886750,15724296,,low,2.36,02 Jun 2025
TKT21214644,15662397,app_bug,low,11.56,08/02/2025
TKT50153058,15723488,fee_dispute,low,80.52,2025-05-02
TKT68684362,15676895,app_bug,medium,22.99,02 Apr 2025
TKT77342704,15743040,fee_dispute,medium,25.24,02-05-2025
TKT86357921,15718057,fee_dispute,low,34.75,04/02/2025
TKT16106390,15583303,app_bug,,3.48,06/02/2025
TKT48146776,15596175,login_issue,low,7.39,2024-10-01
TKT52596761,15664610,  login_issue  ,medium,8.23,06/02/2025
TKT56053194,15726032,fee_dispute,LOW,,2024/05/02
TKT86790444,15589030,fraud_alert,low,21.73,12/01/2024
TKT92971125,15705707,fee_dispute,  high  ,4.44,12/01/2024
TKT41253738,15631681,login_issue,low,11.71,2025-06-02
TKT45447269,15646161,transfer_delay,medium,-5.0,2025/06/02
TKT71112213,15738751,transfer_delay,medium,3.88,01-11-2024
TKT45685345,15585036,fee_dispute,high,6.01,2024/06/01
TKT42381236,15803526,login_issue,high,7.69,05/02/2024
TKT67931769,15773039,fraud_alert,medium,25.56,02-07-2024
TKT69222907,15641122,card_decline,  medium  ,22.14,2025/03/02
TKT17975079,15696859,login_issue,critical,22.04,02-05-2024
TKT41942083,19790388,fee_dispute,low,14.0,2024-09-01
TKT97993850,15607040,app_bug,low,5.28,02 May 2025
TKT58776221,15724944,app_bug,MEDIUM,12.41,05/02/2025
TKT81617173,15586959,app_bug,low,12.14,2024/11/01
TKT98634063,15775238,fraud_alert,medium,3.93,2025-08-02
TKT90905090,15732628,transfer_delay,low,13.53,01 Sep 2024
TKT89997231,15663706,fraud_alert,low,37.76,2025-04-02
TKT55959456,15568982,card_decline,LOW,5.75,2025/05/02
TKT43191046,15724848,transfer_delay,low,4.02,02 May 2025
TKT76397939,15600462,login_issue,low,7.44,02 Aug 2025
TKT10765425,15586585,transfer_delay,low,47.18,2024-11-01
TKT69437455,15776807,transfer_delay,,14.58,01-10-2025
TKT24924652,15737795,app_bug,,,2025/04/02
TKT65454374,15576313,fraud_alert,high,6.56,02 Jun 2025
TKT21546228,15724623,app_bug,medium,11.38,02-07-2025
TKT33994783,15686137,app_bug,medium,9.97,2025/03/02
TKT27081508,15801277,login_issue,  high  ,8.22,02-07-2025
TKT33227864,15570060,login_issue,high,13.92,31-01-2025
TKT21113365,15695632,fraud_alert,medium,6.85,02 Jul 2024
TKT60918731,15698839,transfer_delay,medium,9.09,2025/07/02
TKT63421038,15589975,card_decline,medium,-1.2,2025-08-02
TKT91245382,15726631,fee_dispute,low,,2025-10-01
TKT30188591,15730076,FEE_DISPUTE,medium,14.72,2024/10/01
TKT59240313,15785798,card_decline,high,11.33,01-09-2025
TKT14926142,15671139,card_decline,medium,,09/01/2025
TKT35347397,15651001,unknown,  medium  ,39.88,2025/05/02
TKT86052787,15669169,transfer_delay,low,24.11,2025-01-31
TKT28442781,15685320,  card_decline  ,low,16.22,02-07-2024
TKT80183399,15642937,fraud_alert,low,4.63,2024/12/01
TKT60395376,15790355,card_decline,medium,14.38,2025/06/02
TKT62070433,15681068,fee_dispute,low,13.0,02 May 2025
TKT28244957,15738148,fraud_alert,  critical  ,6.01,2025-07-02
TKT60132424,15707473,FEE_DISPUTE,medium,32.07,07/02/2025
TKT71007792,15730059,fraud_alert,low,19.91,02-04-2025
TKT96590448,15593601,app_bug,  medium  ,30.97,01 Dec 2024
TKT22772089,15715527,card_decline,medium,8.49,02 Jun 2025
TKT16191883,15578761,login_issue,low,15.1,2025-01-31
TKT33765452,15727915,app_bug,medium,4.46,01 Nov 2024
TKT92755331,15731744,card_decline,  low  ,24.98,01 Oct 2024
TKT79804304,15754105,card_decline,MEDIUM,9.31,2024/10/01
TKT96405007,15700476,fraud_alert,low,23.27,10/01/2024
TKT49450293,15684484,app_bug,high,13.73,2025-09-01
TKT54508205,15659366,transfer_delay,critical,3.06,02-04-2025
TKT49293413,15775306,login_issue,low,12.69,02-03-2025
TKT92361739,15810864,login_issue,medium,14.74,2024/12/01
TKT37410034,15694408,login_issue,medium,9999.99,2025-08-02
TKT95907236,15612187,fraud_alert,LOW,4.28,02 Jul 2025
TKT40567572,15569590,transfer_delay,    ,3.71,2025/05/02
TKT31852083,15773039,app_bug,low,17.46,01 Jan 2025
TKT58841994,15773809,transfer_delay,low,13.4,01-01-2025
TKT11605811,15585888,fraud_alert,low,3.25,01-09-2024
TKT78465160,15642004,transfer_delay,medium,23.35,01-10-2024
TKT83390853,15685357,fraud_alert,medium,25.46,2024-06-01
TKT65950156,15645248,,  medium  ,-1.2,2024/10/01
TKT45420986,15636624,login_issue,,14.01,2025/04/02
TKT96632885,15682585,FEE_DISPUTE,LOW,,02 May 2024
TKT47743727,15786063,  transfer_delay  ,medium,7.1,2024/10/01
TKT40512874,15669064,transfer_delay,low,8.46,2024/11/01
TKT20263570,15568748,app_bug,low,17.81,2025/09/01
TKT21082175,15798888,fraud_alert,critical,,02-06-2025
TKT84995580,15750141,login_issue,medium,26.98,2025/09/01
TKT43919350,15599660,login_issue,medium,21.8,01-06-2024
TKT91798664,15752081,transfer_delay,high,5.21,2024/10/01
TKT69335726,15692761,transfer_delay,  low  ,26.51,01-09-2025
TKT86010038,15662976,fee_dispute,medium,27.87,02 May 2025
TKT50133600,15779659,fee_dispute,low,13.69,2025-04-02
TKT14921996,15795149,app_bug,low,15.55,06/01/2024
TKT26783312,15684484,login_issue,low,11.92,31 Jan 2025
TKT49333185,15717426,app_bug,low,6.99,02-07-2024
TKT80108541,15640078,FEE_DISPUTE,medium,11.34,2025-01-31
TKT26445491,15726931,app_bug,medium,23.6,2024-07-02
TKT55536197,15589488,app_bug,low,5.66,2024/12/01
TKT22539273,15668032,fraud_alert,low,13.43,2025-08-02
TKT15708213,15607312,card_decline,medium,22.86,08/01/2024
TKT96158200,15721658,app_bug,low,14.12,2024/11/01
TKT67175830,15580956,fraud_alert,medium,36.45,2025/08/02
TKT22860026,15715527,transfer_delay,medium,4.85,2025-03-02
TKT29726636,15794171,login_issue,  medium  ,13.53,02 Apr 2025
TKT10029192,15660155,login_issue,high,20.26,07/02/2025
TKT64375609,15660535,transfer_delay,low,5.29,01-06-2024
TKT62564351,15594815,app_bug,low,20.0,2025/03/02
TKT84613442,15709368,card_decline,medium,19.02,02-07-2025
TKT86086312,15659420,fraud_alert,  high  ,10.28,01 Sep 2025
TKT26144032,15578980,transfer_delay,MEDIUM,5.62,06/02/2025
TKT61639512,15566111,app_bug,medium,18.47,01-08-2024
TKT46291718,15707362,app_bug,  low  ,32.72,08/01/2024
TKT42489620,15718443,,LOW,22.87,09/01/2025
TKT97854045,15611579,transfer_delay,  high  ,4.22,2025-04-02
TKT61865588,15575883,fraud_alert,medium,27.12,01-12-2024
TKT41537547,15753719,fee_dispute,high,8.6,02 Mar 2025
TKT67491587,15601274,fee_dispute,medium,8.35,02 Apr 2025
TKT65118500,15745844,app_bug,low,4.18,2025/03/02
TKT92876481,15814275,app_bug,critical,25.84,01-08-2024
TKT73273879,15702298,login_issue,high,6.04,2025-04-02
TKT71708829,15805565,fraud_alert,high,9.16,2024-12-01
TKT28612591,15773792,transfer_delay,high,15.44,02 Mar 2025
TKT55079521,15647091,fraud_alert,low,22.78,02-03-2025
TKT53049194,15803457,transfer_delay,high,8.75,01 Jan 2025
TKT52929686,15601274,login_issue,,68.2,2025/07/02
TKT59924756,15725737,transfer_delay,high,0.97,2025-10-01
TKT29527061,15716835,app_bug,low,,2025-03-02
TKT98013456,15779711,app_bug,medium,11.78,08/01/2024
TKT52203508,19052499,login_issue,high,3.19,01 Oct 2024
TKT30101850,15629117,login_issue,low,58.72,01 Jan 2025
TKT13942607,15652883,  app_bug  ,medium,30.96,2024-11-01
TKT57499121,15676895,fraud_alert,medium,18.39,02 Mar 2025
TKT23142846,15723873,app_bug,low,4.54,2024/06/01
TKT36082554,15786170,fee_dispute,low,9.14,2024-05-02
TKT70582083,15656300,FRAUD_ALERT,medium,4.06,2025-01-31
TKT51278107,15804256,app_bug,low,10.45,2024-08-01
TKT29904441,15722010,login_issue,high,7.05,2024-11-01
TKT35362351,15788659,CARD_DECLINE,low,20.06,01 Nov 2024
TKT78786976,15694456,card_decline,critical,31.53,02 Jul 2024
TKT20494363,15725311,login_issue,medium,8.08,2024/07/02
TKT59024162,15596914,  login_issue  ,low,5.01,2024-12-01
TKT83414881,15612087,fee_dispute,low,8.74,31-01-2025
TKT88192847,15642291,login_issue,  medium  ,3.94,02 Jul 2025
TKT71447326,15606149,fraud_alert,low,19.56,01-10-2025
TKT99659546,15702669,app_bug,LOW,7.42,02-08-2025
TKT34661887,15607170,transfer_delay,low,16.55,2025-01-01
TKT89057373,15603203,card_decline,low,16.04,07/02/2025
TKT22220724,15598493,transfer_delay,low,,2024-07-02
TKT25559441,15612187,fee_dispute,high,22.53,02 Apr 2025
TKT53064408,15630053,CARD_DECLINE,  high  ,19.27,01 Jan 2025
TKT49657551,15571928,app_bug,critical,8.49,05/02/2025
TKT55516031,15744689,fee_dispute,low,48.05,2024/05/02
TKT69067834,15809087,transfer_delay,medium,10.87,01-10-2025
TKT29737589,15778463,login_issue,low,6.78,02-05-2024
TKT33131801,15661507,app_bug,MEDIUM,16.04,01-09-2024
TKT81264685,15573152,fraud_alert,LOW,51.43,01-10-2024
TKT83157301,15622750,login_issue,high,23.13,01-10-2024
TKT85183502,15749851,app_bug,medium,22.88,2025-07-02
TKT21868700,15586310,app_bug,high,2.16,2024/08/01
TKT61238242,15653620,fee_dispute,high,3.41,02 Jun 2025
TKT50584097,15715951,fraud_alert,critical,9.23,01-06-2024
TKT48316164,15600882,transfer_delay,low,9.72,02 May 2024
TKT33620507,15608114,APP_BUG,low,29.94,05/02/2024
TKT73471970,15658485,card_decline,low,43.3,2025/04/02
TKT65373767,15671256,card_decline,medium,13.29,01-09-2025
TKT91661162,15742358,app_bug,MEDIUM,13.13,02 Jun 2025
TKT29655669,15645569,login_issue,low,,02-03-2025
TKT48571563,15718369,fraud_alert,  medium  ,11.98,04/02/2025
TKT25620185,15659098,transfer_delay,medium,27.37,2025/10/01
TKT20465288,15679531,transfer_delay,low,1.63,09/01/2025
TKT84043109,15677371,app_bug,low,10.23,01 Oct 2025
TKT35661955,15716155,fraud_alert,low,26.62,01 Jan 2025
TKT24424523,15627000,login_issue,medium,18.93,11/01/2024
TKT29299824,15782390,fee_dispute,  medium  ,6.7,2024/06/01
TKT87415639,15692671,transfer_delay,medium,1.98,02 Apr 2025
TKT63512759,15727829,fee_dispute,high,2.92,01 Aug 2024
TKT91254546,15600258,login_issue,high,12.43,08/01/2024
TKT85448056,15758449,app_bug,low,29.47,2024/09/01
TKT58637828,15612350,login_issue,high,20.13,31-01-2025
TKT86396767,15582797,card_decline,medium,11.86,01 Sep 2024
TKT86766662,15683625,fraud_alert,low,37.47,01 Jan 2025
TKT22878455,15628936,login_issue,low,12.0,05/02/2024
TKT31889871,15744398,app_bug,low,9.57,2024/07/02
TKT45799580,15571002,card_decline,low,18.13,10/01/2025
TKT34862152,15602312,card_decline,low,28.74,2025/01/01
TKT38834857,15656176,app_bug,medium,26.99,01-01-2025
TKT79095133,15657284,fraud_alert,low,25.31,08/01/2024
TKT75063941,19420489,card_decline,low,24.15,02 Jul 2025
TKT21662011,15575185,app_bug,medium,12.85,2025-01-01
TKT32079552,15619955,login_issue,low,,02-07-2024
TKT26308528,15602084,login_issue,low,4.24,02 May 2025
TKT26783312,15684484,login_issue,low,11.92,31 Jan 2025
TKT10588402,15668886,card_decline,medium,13.86,02 Jul 2025
TKT64978550,15691625,transfer_delay,low,5.96,2025-01-01
TKT96323215,15717398,fraud_alert,high,4.89,01 Sep 2025
TKT37723235,15580203,transfer_delay,,33.12,2024-07-02
TKT24463267,15794549,fraud_alert,low,10.24,02-05-2024
TKT62721932,15776231,fee_dispute,  high  ,8.78,01/31/2025
TKT20766740,15705515,card_decline,low,3.63,09/01/2024
TKT53085076,15774854,login_issue,high,28.52,02-07-2024
TKT87126113,15799515,card_decline,medium,8.32,11/01/2024
TKT77497717,15782899,fee_dispute,high,0.43,2025-07-02
TKT71078103,15640825,app_bug,medium,19.31,2024/12/01
TKT66291767,15679531,fee_dispute,HIGH,16.02,01/01/2025
TKT22120389,15632210,fraud_alert,low,12.23,02-05-2025
TKT25249653,15652883,app_bug,high,5.04,2024-08-01
TKT68260695,15729599,app_bug,  low  ,10.75,01-09-2025
TKT31634787,15634141,fraud_alert,medium,56.58,09/01/2024
TKT96207929,15661036,app_bug,low,,02-05-2025
TKT79348804,15681206,login_issue,low,2.34,2025-06-02
TKT30156566,15660602,transfer_delay,low,12.62,2024/12/01
TKT39242895,15727868,fee_dispute,low,21.41,2025-10-01
TKT77898806,15679200,fraud_alert,high,26.35,04/02/2025
TKT16082545,15608114,fraud_alert,low,13.04,02 May 2025
TKT55338113,15636444,card_decline,critical,4.89,01/01/2025
TKT40808350,15647091,app_bug,  low  ,24.16,2025/04/02
TKT86240246,15800228,login_issue,medium,11.0,2024/09/01
TKT93282657,15661249,app_bug,low,13.26,2024/05/02
TKT87511783,15812007,transfer_delay,medium,,01 Nov 2024
TKT46985778,15790314,login_issue,medium,9.48,2025-03-02
TKT54580273,15731815,login_issue,high,48.98,2024/06/01
TKT73173590,15566292,app_bug,  low  ,38.45,01 Nov 2024
TKT98108402,15615457,card_decline,MEDIUM,22.07,04/02/2025
TKT58634108,15591995,login_issue,  high  ,4.98,01 Oct 2024
TKT79601260,15672692,app_bug,medium,17.87,02-08-2025
TKT42541293,15694506,TRANSFER_DELAY,critical,27.39,02-06-2025
TKT66325051,15754605,app_bug,,,2025-03-02
TKT98627178,15810218,login_issue,low,15.7,02 May 2025
TKT51671380,15749167,fee_dispute,medium,18.3,2025-04-02
TKT56064681,15731815,fee_dispute,low,6.25,2024-07-02
TKT25189830,15796505,login_issue,medium,26.59,01-08-2024
TKT72242506,15806438,card_decline,high,18.13,2025/05/02
TKT57973653,15701354,card_decline,medium,19.73,2024-10-01
TKT60901001,15733114,fee_dispute,medium,21.68,02-07-2024
TKT59235430,15737452,fraud_alert,low,14.12,2024/07/02
TKT23538621,15785542,fraud_alert,high,6.68,2024-10-01
TKT93968357,15578977,transfer_delay,low,17.72,2024/07/02
TKT44438994,15772423,fraud_alert,critical,18.38,06/02/2025
TKT50883803,15767821,app_bug,medium,19.2,02 May 2024
TKT37154231,15756475,card_decline,low,10.51,01/31/2025
TKT20838988,15570060,transfer_delay,medium,2.94,09/01/2025
TKT43910270,15703264,login_issue,medium,,09/01/2024
TKT99079229,15673693,login_issue,medium,20.83,01 Jan 2025
TKT60000431,15710424,fee_dispute,low,2.8,05/02/2025
TKT39396981,15645569,card_decline,low,7.55,2025-10-01
TKT61684579,15674840,login_issue,high,26.89,2025-01-31
TKT28398752,15686983,transfer_delay,high,12.1,02-07-2025
TKT98184312,15568240,app_bug,low,6.18,2025/10/01
TKT44803482,15628112,TRANSFER_DELAY,high,0.0,02-08-2025
TKT90055054,15744607,unknown,,5.56,31 Jan 2025
TKT83780423,15773792,app_bug,medium,9.61,06/02/2025
TKT80178295,15695846,transfer_delay,low,3.73,02 Apr 2025
TKT74040058,15575883,login_issue,,7.29,01 Dec 2024
TKT11743215,15722548,transfer_delay,low,7.19,2025-09-01
TKT27786892,15672012,login_issue,high,17.44,2025-04-02
TKT42794596,15753754,login_issue,low,6.99,01 Oct 2024
TKT49583238,15677305,card_decline,low,4.12,01 Nov 2024
TKT93510692,15794278,fee_dispute,medium,48.45,01 Jan 2025
TKT82375419,15750658,app_bug,medium,32.27,02 Apr 2025
TKT32993784,15604044,fraud_alert,  high  ,12.78,04/02/2025
TKT67606539,15799217,  login_issue  ,LOW,8.66,07/02/2025
TKT15143771,15725511,fraud_alert,low,4.51,01 Oct 2024
TKT73000913,15647311,app_bug,low,,10/01/2025
TKT53049194,15803457,transfer_delay,high,8.75,01 Jan 2025
TKT91404699,15566091,app_bug,  medium  ,19.83,01/01/2025
TKT54199093,15737051,fraud_alert,low,11.42,05/02/2024
TKT55740570,15812878,login_issue,low,17.54,2025/03/02
TKT50060688,15775912,fraud_alert,low,22.12,2025-07-02
TKT12407308,15609286,fraud_alert,low,10.29,02-07-2025
TKT80442953,15589493,fraud_alert,high,8.43,01 Jun 2024
TKT63128065,15585768,login_issue,medium,16.18,01-09-2024
TKT66850686,15674551,app_bug,low,21.42,01-10-2025
TKT47654081,15720893,transfer_delay,low,2.79,01-10-2025
TKT83433794,15723886,login_issue,  high  ,5.23,02 Jul 2024
TKT53912463,15723654,app_bug,medium,15.73,05/02/2025
TKT77156692,15597945,,medium,36.17,2025-05-02
TKT51572935,15614782,fee_dispute,  medium  ,29.24,2024-11-01
TKT89231938,15671137,login_issue,medium,30.66,2024-05-02
TKT56766742,15686611,transfer_delay,medium,8.94,2025/05/02
TKT59955183,15566091,card_decline,critical,28.73,2025/01/31
TKT42639818,15730460,fee_dispute,  low  ,39.65,01-10-2025
TKT99729775,15584091,card_decline,low,2.33,2025/04/02
TKT66390077,15585255,login_issue,medium,8.35,2024/10/01
TKT53014008,15730460,transfer_delay,medium,59.24,06/01/2024
TKT77998080,15677307,card_decline,high,4.4,31 Jan 2025
TKT22089568,15712551,login_issue,low,54.94,2025-01-31
TKT52849040,15712825,transfer_delay,  low  ,,01 Jun 2024
TKT46083374,19398216,transfer_delay,high,4.54,02 May 2024
TKT59729129,15633283,app_bug,medium,11.63,2024-11-01
TKT41365678,15726032,fraud_alert,  medium  ,11.69,02 Jul 2025
TKT34009407,15784597,login_issue,low,17.14,2024/09/01
TKT41880549,15568982,fee_dispute,low,3.08,2025/08/02
TKT98019866,15746902,card_decline,medium,15.2,01 Jan 2025
TKT61409716,15790757,transfer_delay,medium,18.7,2024/08/01
TKT63208000,15807609,card_decline,low,27.37,03/02/2025
TKT59438626,15684171,fee_dispute,medium,25.82,31 Jan 2025
TKT57126444,15612087,fee_dispute,LOW,,01 Aug 2024
TKT89205039,15581197,transfer_delay,medium,9.45,2024/08/01
TKT51887682,15741336,FEE_DISPUTE,high,3.63,02-08-2025
TKT36889724,15573318,card_decline,LOW,31.36,2024-11-01
TKT64739970,15714939,fee_dispute,high,3.97,09/01/2024
TKT43493545,15784844,card_decline,medium,13.03,01-10-2024
TKT50725755,15581539,fraud_alert,low,5.28,2025/04/02
TKT82555073,15745844,fee_dispute,high,20.42,2025/01/01
TKT98400773,15716334,fee_dispute,high,12.98,01-10-2024
TKT61857782,15787619,app_bug,high,18.71,01-11-2024
TKT37938068,15714689,login_issue,low,9.59,02-07-2024
TKT82683228,15775318,transfer_delay,medium,5.34,02-07-2025
TKT69259007,15600781,login_issue,medium,23.73,01 Sep 2025
TKT46985778,15790314,login_issue,medium,9.48,2025-03-02
TKT52150396,15788218,app_bug,high,13.44,12/01/2024
TKT60089995,15810845,login_issue,MEDIUM,6.14,2025/09/01
TKT36009296,15679145,app_bug,medium,12.28,2025/10/01
TKT46881790,15676715,fraud_alert,medium,10.2,2025/09/01
TKT31461687,15582616,card_decline,  high  ,-1.2,01-09-2024
TKT74132867,15641655,card_decline,high,24.94,2024-10-01
TKT83465988,15667215,app_bug,medium,,02-05-2024
TKT92906019,15751710,app_bug,high,4.44,05/02/2025
TKT10367430,15711889,login_issue,low,9.5,2024/11/01
TKT58311261,19788797,app_bug,medium,36.15,2025/08/02
TKT99574728,15690452,card_decline,low,8.0,02 Apr 2025
TKT80802602,15640442,app_bug,low,20.25,10/01/2024
TKT68011882,15628145,card_decline,low,49.29,09/01/2025
TKT46380720,15696231,login_issue,high,13.19,02 Jul 2024
TKT57114498,15623521,transfer_delay,low,4.88,10/01/2025
TKT44631626,15576623,fee_dispute,low,16.29,02-06-2025
TKT87116335,15603156,transfer_delay,high,3.23,2025-06-02
TKT33472966,15806467,card_decline,low,3.15,2025/10/01
TKT84398385,15630910,fraud_alert,medium,6.4,02-04-2025
TKT63427895,15604482,app_bug,medium,16.54,31 Jan 2025
TKT46613840,15724282,login_issue,medium,-1.2,08/01/2024
TKT35441895,15613630,fee_dispute,critical,9.95,2025/07/02
TKT90638032,15754713,unknown,low,18.4,02-04-2025
TKT82252634,15814275,login_issue,medium,9.19,01-10-2025
TKT75779695,15776433,  transfer_delay  ,medium,20.96,02 May 2024
TKT99882593,15713483,fee_dispute,  low  ,15.84,02 May 2025
TKT45050041,15807923,card_decline,,13.26,2025-10-01
TKT49723971,15689294,card_decline,low,12.07,02-04-2025
TKT65672779,15648064,app_bug,low,0.0,02-04-2025
TKT97628825,15745417,card_decline,medium,8.2,01-09-2024
TKT96614188,15642394,transfer_delay,low,9.22,2025/01/31
TKT51043047,15804017,login_issue,LOW,14.42,2024/09/01
TKT26607531,15625021,fraud_alert,medium,8.44,2024-09-01
TKT44529952,15806926,login_issue,high,,01-06-2024
TKT57927711,15803406,  fee_dispute  ,critical,34.89,09/01/2024
TKT72129812,15662736,transfer_delay,MEDIUM,3.55,01 Dec 2024
TKT26055127,15709295,fraud_alert,low,9999.99,2025/08/02
TKT37845002,15710424,transfer_delay,high,18.66,10/01/2024
TKT50939487,15725679,login_issue,low,22.56,01 Nov 2024
TKT91750342,15782735,fee_dispute,high,7.93,2025-01-01
TKT34474403,15709368,card_decline,high,19.5,2025-03-02
TKT35291123,15628303,fraud_alert,low,15.0,02 Jul 2025
TKT80886367,15778463,login_issue,,21.29,02-05-2024
TKT84198248,15678910,transfer_delay,low,23.17,2025/01/01
TKT37754575,15625047,login_issue,high,24.09,2025-04-02
TKT10469468,15604044,unknown,low,29.99,01 Nov 2024
TKT67597265,15613854,app_bug,low,21.71,2024/09/01
TKT69467741,15780140,fraud_alert,medium,8.27,01 Nov 2024
TKT57866721,15802741,fraud_alert,low,9.66,2025-01-01
TKT37182648,15747542,card_decline,critical,45.58,2025/10/01
TKT19815138,15797219,card_decline,low,24.08,01 Oct 2025
TKT64857499,15626742,login_issue,medium,2.7,01-01-2025
TKT74056304,15566594,,high,24.58,2025/10/01
TKT41463811,15567446,fee_dispute,low,13.5,02 May 2024
TKT46904545,15752047,fee_dispute,high,2.25,10/01/2024
TKT79969163,15637476,card_decline,high,-1.2,10/01/2024
TKT38693261,15600739,transfer_delay,medium,3.81,11/01/2024
TKT30385502,15589975,fee_dispute,low,17.65,2024-08-01
TKT55421376,15799217,login_issue,high,6.39,02-06-2025
TKT34101254,15799515,transfer_delay,low,10.49,01-10-2025
TKT94270027,15579334,fraud_alert,high,7.45,07/02/2025
TKT16586262,15591607,app_bug,low,47.22,31-01-2025
TKT17322153,15810834,fraud_alert,low,36.37,02 Apr 2025
TKT49244735,15570134,fee_dispute,medium,2.83,2024/06/01
TKT46234033,15613319,fee_dispute,low,11.38,06/02/2025
TKT82122193,15763063,transfer_delay,low,11.28,2025/01/31
TKT19525242,15744689,  fraud_alert  ,medium,6.01,2025-03-02
TKT26664054,15781307,  fee_dispute  ,high,27.59,2025-10-01
TKT32629568,15805449,APP_BUG,medium,12.41,2025-04-02
TKT84882632,15737051,fee_dispute,low,47.02,2024/08/01
TKT41250004,15773469,login_issue,medium,24.12,2025/01/31
TKT30680003,15786014,LOGIN_ISSUE,high,13.5,01-01-2025
TKT24901479,15729362,card_decline,medium,53.31,2025/09/01
TKT93583592,15633922,card_decline,medium,18.93,08/02/2025
TKT11499866,15634632,app_bug,high,11.85,01-08-2024
TKT23151059,15700696,app_bug,low,19.18,02-06-2025
TKT32507321,15698839,app_bug,medium,26.32,11/01/2024
TKT10798630,15799422,card_decline,medium,9.83,01/01/2025
TKT25018400,15644572,card_decline,  low  ,21.48,02-07-2025
TKT71996604,15790757,card_decline,low,11.41,02 May 2024
TKT29811808,15677610,login_issue,,9.34,01-10-2024
TKT47186251,15782236,fraud_alert,medium,16.46,02 Jun 2025
TKT64770671,15692671,fraud_alert,high,3.36,2024/11/01
TKT62450370,15681705,login_issue,medium,18.08,01/01/2025
TKT68790186,15736879,app_bug,low,,2024/12/01
TKT92094717,15619857,fee_dispute,low,10.01,07/02/2024
TKT96619099,15694366,login_issue,medium,3.06,01-10-2024
TKT59625160,15721935,  card_decline  ,medium,28.1,01 Oct 2024
TKT62212136,15731511,CARD_DECLINE,medium,6.58,02 Mar 2025
TKT69029383,15804256,fraud_alert,low,8.32,01-12-2024
TKT79733210,15754605,fraud_alert,low,4.8,01 Aug 2024
TKT25311196,15575492,fee_dispute,low,22.1,10/01/2025
TKT27803148,15607098,login_issue,medium,11.78,31 Jan 2025
TKT17619098,15733119,login_issue,  low  ,21.62,2024-05-02
TKT23103787,15737741,fraud_alert,  medium  ,6.94,2024-10-01
TKT12245294,15592389,transfer_delay,high,13.66,2025-01-01
TKT20727341,15611579,app_bug,MEDIUM,36.32,01-11-2024
TKT36609952,15650237,app_bug,medium,8.49,02 May 2025
TKT52854276,15747795,card_decline,medium,35.16,02 May 2025
TKT43329472,15613085,fraud_alert,medium,6.8,01-09-2024
TKT45219414,15804072,fee_dispute,MEDIUM,0.0,09/01/2025
TKT21536245,15594408,app_bug,medium,6.92,01 Dec 2024
TKT63232960,15604119,transfer_delay,critical,19.18,2024-08-01
TKT58938239,15624623,fraud_alert,medium,5.75,12/01/2024
TKT21712683,15775153,card_decline,medium,16.25,2024-12-01
TKT23042273,15812878,card_decline,medium,43.91,01-06-2024
TKT30944957,15712287,login_issue,LOW,39.97,01 Sep 2024
TKT91237889,15619304,fee_dispute,low,20.21,09/01/2024
TKT25586659,15756804,transfer_delay,  low  ,8.35,2024/11/01
TKT14581411,15685500,fee_dispute,medium,21.88,02-03-2025
TKT68849906,15693737,transfer_delay,low,8.02,2024-11-01
TKT17870932,15661629,card_decline,medium,4.96,01-10-2024
TKT40333885,15783659,card_decline,low,5.4,2025-01-31
TKT43031533,15687946,fee_dispute,MEDIUM,3.11,2024/06/01
TKT78742255,15807432,fraud_alert,medium,10.57,09/01/2024
TKT26036718,15728693,login_issue,low,9.78,02-07-2024
TKT77385832,15603323,transfer_delay,low,,05/02/2024
TKT65541571,15702014,fraud_alert,low,4.49,02-07-2024
TKT28860934,15566594,login_issue,MEDIUM,7.79,02-05-2025
TKT69376473,15785869,card_decline,medium,5.4,2025/01/31
TKT46190322,15724563,login_issue,medium,3.57,02 Aug 2025
TKT60558360,15653762,fee_dispute,HIGH,40.05,2025/05/02
TKT63865956,15811762,transfer_delay,low,21.89,2024/09/01
TKT14380070,15732963,card_decline,critical,3.48,2025/10/01
TKT65691659,15737792,app_bug,low,0.71,01 Jan 2025
TKT13521750,15806438,transfer_delay,critical,15.39,03/02/2025
TKT82423772,15765297,CARD_DECLINE,low,11.48,01-10-2024
TKT97929003,15641009,fraud_alert,high,7.88,2024-10-01
TKT82814165,15776433,card_decline,high,,07/02/2024
TKT58858685,15782688,app_bug,LOW,7.43,02 Jun 2025
TKT78062196,15634245,fee_dispute,medium,,01-10-2025
TKT16798948,15705620,card_decline,low,5.98,02-07-2025
TKT41350590,15601589,card_decline,HIGH,15.23,2024/10/01
TKT76159607,15622834,fraud_alert,low,12.52,11/01/2024
TKT69107914,15686302,fee_dispute,MEDIUM,20.13,01-11-2024
TKT95246114,15650288,app_bug,MEDIUM,4.71,02-05-2024
TKT67473207,15754849,app_bug,  low  ,5.13,06/01/2024
TKT76883629,15583456,unknown,medium,11.04,06/01/2024
TKT16758044,15717398,fee_dispute,medium,42.17,03/02/2025
TKT12297865,15580146,login_issue,high,19.2,01-10-2025
TKT32213159,15624188,fraud_alert,high,8.56,2025-04-02
TKT85792888,15745527,,medium,34.49,2025/10/01
TKT76249098,15589805,login_issue,MEDIUM,30.34,2025-09-01
TKT84530325,15712551,,medium,8.52,02-07-2025
TKT55614426,15611325,fee_dispute,medium,10.32,08/02/2025
TKT22772089,15715527,card_decline,medium,8.49,02 Jun 2025
TKT54301724,15639788,card_decline,medium,23.78,2024-12-01
TKT19983981,15711889,card_decline,low,34.25,02-08-2025
TKT32145127,15730830,login_issue,low,15.12,01/31/2025
TKT44288612,15631868,fraud_alert,low,13.23,02 Jul 2024
TKT42799971,15760431,app_bug,low,23.9,02 Apr 2025
TKT98614224,15785519,fee_dispute,medium,33.36,02-06-2025
TKT39831749,15687946,login_issue,medium,8.98,02 Mar 2025
TKT47706664,15726676,transfer_delay,low,5.76,2025-07-02
TKT74606594,15755196,login_issue,CRITICAL,37.66,2025-09-01
TKT24242516,15801559,transfer_delay,high,,02-08-2025
TKT19652039,15658169,LOGIN_ISSUE,low,5.25,02 Jul 2025
TKT76730211,15656148,fraud_alert,high,29.3,02 Jul 2024
TKT99699166,15619708,card_decline,low,34.95,02 Jul 2025
TKT12742068,15750181,fee_dispute,medium,7.36,2024/05/02
TKT58860586,15635905,app_bug,medium,18.06,01 Dec 2024
TKT69343638,15812009,fee_dispute,high,13.94,2024-07-02
TKT34113283,15763859,fraud_alert,low,15.77,01-06-2024
TKT71334613,15627801,login_issue,high,21.58,02 Jul 2024
TKT84362105,15656176,card_decline,low,8.41,05/02/2024
TKT15725640,15670755,card_decline,low,25.48,2024-10-01
TKT13183785,15599289,app_bug,high,6.83,2024-06-01
TKT80350731,15626144,card_decline,medium,5.52,01-09-2025
TKT97933258,15772781,app_bug,low,27.5,01 Sep 2024
TKT28091453,19289006,login_issue,medium,9.27,2024/09/01
TKT15069123,15649992,fraud_alert,low,7.53,2025/10/01
TKT29351951,15661629,card_decline,low,18.4,2025/08/02
TKT68747019,15624729,fee_dispute,high,28.26,05/02/2025
TKT81570861,15706365,fee_dispute,  medium  ,35.92,2024/05/02
TKT28254086,15633059,card_decline,  medium  ,3.2,01 Sep 2024
TKT50631538,15651022,transfer_delay,low,20.83,2025/08/02
TKT78733392,15605918,fraud_alert,,2.93,08/01/2024
TKT15476218,15747358,fee_dispute,medium,28.3,01-11-2024
TKT91810017,15591986,fee_dispute,  low  ,8.36,2025-08-02
TKT36483929,15662736,transfer_delay,medium,10.92,2025/04/02
TKT53754632,15756804,transfer_delay,high,5.58,03/02/2025
TKT95698064,15737173,fee_dispute,medium,28.53,05/02/2025
TKT73269600,15728505,fee_dispute,high,15.44,2025-04-02
TKT91515539,15747960,app_bug,high,23.57,01-08-2024
TKT14792560,15642937,login_issue,low,8.08,2024/06/01
TKT41533038,15588537,app_bug,HIGH,9.37,02 Apr 2025
TKT32923920,15798888,transfer_delay,MEDIUM,13.1,02 May 2025
TKT12699237,15701376,  fraud_alert  ,critical,12.47,2024/07/02
TKT94424768,15745307,card_decline,medium,7.67,02-04-2025
TKT30111466,15782569,fee_dispute,low,46.7,02-08-2025
TKT41191889,15699309,card_decline,low,9.04,10/01/2024
TKT53102656,15656300,login_issue,high,16.09,2025-01-31
TKT75136721,15727688,fraud_alert,low,20.02,09/01/2025
TKT77925348,15650288,fee_dispute,medium,55.37,02 May 2025
TKT43948361,15592937,card_decline,  medium  ,22.24,12/01/2024
TKT20393728,15646372,app_bug,high,7.2,2024/05/02
TKT19610069,15582741,login_issue,medium,6.78,01 Oct 2024
TKT84494340,15788126,fee_dispute,high,4.89,2024/06/01
TKT82702448,15566156,login_issue,low,26.15,2024/09/01
TKT58188741,15803764,card_decline,low,4.84,2024/08/01
TKT45524952,15752081,card_decline,medium,,02 Aug 2025
TKT65933249,15698028,login_issue,low,28.12,2024/12/01
TKT55939380,15682541,login_issue,low,37.02,10/01/2024
TKT80248184,15792328,unknown,  medium  ,14.94,01-10-2025
TKT48397149,15610156,fee_dispute,medium,8.19,07/02/2025
TKT53111660,15677512,transfer_delay,low,21.11,02-06-2025
TKT16711598,15622993,fraud_alert,high,11.09,2025-05-02
TKT72640809,15572265,transfer_delay,high,46.48,01 Nov 2024
TKT74398959,15680920,login_issue,low,-1.2,02 Aug 2025
TKT94549321,15801559,login_issue,medium,26.4,02-07-2025
TKT57993479,15599660,fraud_alert,high,8.01,01-11-2024
TKT65668620,15592531,transfer_delay,low,,01 Sep 2025
TKT99788372,15641582,app_bug,medium,23.35,01 Jun 2024
TKT66928971,15654506,fraud_alert,low,10.87,01 Jun 2024
TKT63214435,15708917,app_bug,medium,29.42,2025/04/02
TKT86630333,15578977,app_bug,medium,12.04,2024-05-02
TKT58293251,15693737,card_decline,low,20.08,2024-09-01
TKT89709661,15594408,app_bug,LOW,27.87,2025-04-02
TKT59632490,15651674,fee_dispute,  low  ,3.66,08/01/2024
TKT78669123,15804919,login_issue,low,23.84,02 Jun 2025
TKT84319274,15715142,app_bug,high,9.58,02 May 2024
TKT52791063,15809663,app_bug,low,28.08,02-08-2025
TKT43016452,15751710,app_bug,medium,0.69,2025/03/02
TKT11264831,15753831,card_decline,low,18.28,2024-10-01
TKT27281383,15759537,fee_dispute,low,13.79,2024-06-01
TKT63858933,15755209,fraud_alert,medium,25.39,12/01/2024
TKT65348898,15776605,card_decline,high,2.26,02 Jul 2025
TKT14035843,15697000,transfer_delay,,20.28,01 Nov 2024
TKT46315369,15636731,card_decline,medium,28.7,01-11-2024
TKT99049590,15592461,  fraud_alert  ,high,13.14,2025/09/01
TKT85953639,15573456,app_bug,low,22.04,2024-06-01
TKT90714148,15737741,card_decline,low,41.86,01-01-2025
TKT81449440,15736008,login_issue,LOW,5.42,02 Apr 2025
TKT64555230,15591100,transfer_delay,high,7.25,01-10-2024
TKT89748112,15710404,card_decline,low,12.11,06/01/2024
TKT93098218,15641009,fraud_alert,  high  ,12.12,02-07-2025
TKT24077093,15772896,fraud_alert,medium,29.23,2024/08/01
TKT98602306,15684548,fraud_alert,low,7.19,31-01-2025
TKT63719969,15640078,app_bug,low,4.63,2024/09/01
TKT94409762,15637876,fraud_alert,low,9.95,2025/09/01
TKT42959537,15624592,fraud_alert,medium,42.15,02-08-2025
TKT32005388,15580956,fee_dispute,medium,17.2,2025-01-31
TKT67175830,15580956,fraud_alert,medium,36.45,2025/08/02
TKT61489281,15773456,fee_dispute,low,33.66,2025-05-02
TKT80419930,15692761,app_bug,low,45.66,01 Nov 2024
TKT20323894,15576256,,low,9.97,02 May 2025
TKT83110563,15625944,card_decline,low,-1.2,2024-12-01
TKT44270635,15732778,app_bug,medium,28.04,01 Nov 2024
TKT76123261,15686164,card_decline,medium,5.11,01 Nov 2024
TKT41731779,15783501,login_issue,low,19.78,2025/06/02
TKT94807254,15601589,login_issue,low,9.69,05/02/2024
TKT82060462,15731511,login_issue,high,10.95,01-12-2024
TKT70738909,15737795,login_issue,medium,14.6,2025/03/02
TKT23262693,15745307,app_bug,  high  ,7.06,12/01/2024
TKT61524061,15627360,  transfer_delay  ,medium,30.32,01 Dec 2024
TKT55480584,15693814,app_bug,low,9.78,2025-03-02
TKT26569473,15640059,fraud_alert,  critical  ,16.82,2024-11-01
TKT64683868,15726631,login_issue,  low  ,12.42,01-01-2025
TKT30110982,15759298,transfer_delay,high,7.66,2024-12-01
TKT55188075,15624528,fee_dispute,medium,13.04,01-08-2024
TKT93491073,15722548,fee_dispute,low,5.88,2025-08-02
TKT91061352,15635905,transfer_delay,low,19.31,2024/07/02
TKT48475680,15677538,app_bug,low,29.02,02-07-2025
TKT13392072,15813034,login_issue,low,6.89,09/01/2024
TKT57140143,15773809,transfer_delay,low,4.63,2025/08/02
TKT11694081,15752137,fee_dispute,medium,13.88,02-04-2025
TKT69589173,15735203,fee_dispute,medium,-1.2,2024-05-02
TKT76402407,15636444,app_bug,high,27.19,02-07-2024
TKT76858894,15805062,fraud_alert,high,28.29,2024-11-01
TKT49368537,15595440,FRAUD_ALERT,medium,,02 Aug 2025
TKT23081527,15613786,fee_dispute,high,25.93,01/31/2025
TKT18554803,15582741,app_bug,medium,15.16,01-11-2024
TKT26042140,15658929,login_issue,LOW,39.46,11/01/2024
TKT59259502,15665678,transfer_delay,CRITICAL,5.26,2024/09/01
TKT97812963,15666633,transfer_delay,CRITICAL,15.07,10/01/2025
TKT12229148,15576368,card_decline,high,2.87,2025/08/02
TKT61701596,15680772,fee_dispute,  low  ,19.54,09/01/2024
TKT13502847,15714689,transfer_delay,medium,82.0,2025/08/02
TKT61179383,15789669,  login_issue  ,medium,31.3,05/02/2025
TKT50974890,15807609,unknown,low,2.41,02-08-2025
TKT51752947,15603436,TRANSFER_DELAY,medium,9999.99,01-10-2024
TKT38500262,15592222,fraud_alert,low,4.09,01-10-2025
TKT98361934,15767432,,  low  ,17.72,02-08-2025
TKT49654739,15580148,  card_decline  ,high,3.42,2024/10/01
TKT12210525,15568595,login_issue,low,3.69,01 Sep 2025
TKT73049134,15766741,fraud_alert,medium,20.51,2025/03/02
TKT11074223,19654511,fraud_alert,medium,21.16,05/02/2024
TKT47909906,15727915,FRAUD_ALERT,medium,12.54,11/01/2024
TKT19161890,15768104,transfer_delay,medium,19.79,02-06-2025
TKT46099112,15595440,fraud_alert,low,14.39,01-06-2024
TKT58463614,15624623,fee_dispute,high,50.44,2024/09/01
TKT92374947,15643966,fee_dispute,low,39.56,2025-05-02
TKT77539802,15609618,transfer_delay,high,7.49,02-07-2025
TKT96300885,15794916,fee_dispute,low,8.91,02 May 2024
TKT32867611,15583212,fraud_alert,  low  ,15.39,2024/10/01
TKT31405184,15700772,fee_dispute,critical,,2024/08/01
TKT32582163,15612350,app_bug,medium,5.19,2025/04/02
TKT98237563,15704770,login_issue,critical,10.45,2024/09/01
TKT16372042,15676966,card_decline,HIGH,2.16,05/02/2025
TKT17425587,15629448,fee_dispute,CRITICAL,18.32,02 Mar 2025
TKT30535539,15699029,fee_dispute,low,18.04,2024-05-02
TKT35312136,15702298,login_issue,low,0.12,2024-11-01
TKT80183399,15642937,fraud_alert,low,4.63,2024/12/01
TKT10903716,15676519,fee_dispute,medium,27.02,01 Oct 2024
TKT98745403,15613749,fee_dispute,low,28.74,03/02/2025
TKT25608882,15809100,fraud_alert,medium,37.46,2024/11/01
TKT74236819,15805254,transfer_delay,MEDIUM,6.34,2024-07-02
TKT75431415,15760861,transfer_delay,  low  ,23.44,2024-07-02
TKT12164542,15787470,login_issue,medium,11.66,2025/01/01
TKT31444382,15708710,fraud_alert,low,8.86,07/02/2024
TKT33573449,15754105,transfer_delay,low,9.66,2025-05-02
TKT72472336,15730059,fee_dispute,high,5.71,08/01/2024
TKT18324798,15721181,fee_dispute,low,14.31,03/02/2025
TKT60982694,15655961,APP_BUG,medium,17.2,06/02/2025
TKT41874302,15747807,fraud_alert,low,30.91,02 Jul 2025
TKT19009488,15785542,app_bug,critical,3.03,2024-08-01
TKT73584073,15782210,app_bug,medium,0.4,31-01-2025
TKT46209575,15732674,fee_dispute,low,11.56,01/01/2025
TKT51013034,15785819,fee_dispute,low,15.98,2025/01/01
TKT85217624,15591047,card_decline,medium,21.31,2025/08/02
TKT45029808,15660602,card_decline,  low  ,12.02,2025/09/01
TKT46438797,15736112,unknown,medium,21.36,2025/08/02
TKT30155817,15736008,transfer_delay,low,62.06,02-05-2025
TKT52883255,15794413,app_bug,high,10.69,2024-08-01
TKT85545226,15664521,login_issue,medium,15.8,2025-01-01
TKT64861411,15692750,fraud_alert,low,8.53,01 Oct 2024
TKT68364560,15813741,card_decline,low,9.77,2025/07/02
TKT85687172,15592300,card_decline,high,12.43,01/01/2025
TKT69842823,15813163,  fee_dispute  ,medium,4.62,02 Mar 2025
TKT85144996,15661670,login_issue,medium,12.12,2024/06/01
TKT93465426,15682585,app_bug,  high  ,4.88,01-10-2025
TKT74300790,15786905,card_decline,high,9.1,31 Jan 2025
TKT14559996,15712287,fee_dispute,low,49.41,2025/01/31
TKT88752475,15740900,fee_dispute,medium,18.08,2025/10/01
TKT21648590,15628034,card_decline,high,5.9,2024-11-01
TKT13421788,15734674,app_bug,high,4.44,2025-07-02
TKT26315975,15656333,login_issue,critical,32.44,01 Dec 2024
TKT55786128,15753754,card_decline,low,22.01,2025-09-01
TKT18646941,15795149,card_decline,medium,6.24,06/02/2025
TKT75084452,15717046,card_decline,medium,11.41,2024/07/02
TKT39444495,15677135,fee_dispute,low,9.63,02-05-2024
TKT19041022,15629677,card_decline,medium,13.15,01/01/2025
TKT83165779,15675522,transfer_delay,low,13.85,2024-12-01
TKT56738251,15663706,card_decline,low,,01/01/2025
TKT28217764,15622750,fraud_alert,high,,02-04-2025
TKT80460685,15715941,login_issue,low,0.64,08/02/2025
TKT58950141,15677921,app_bug,medium,6.83,2024/08/01
TKT81499399,15800703,fee_dispute,high,,01-01-2025
TKT62227705,15636673,login_issue,high,15.11,06/02/2025
TKT65652633,15695699,app_bug,HIGH,10.07,09/01/2024
TKT35736477,15776223,fraud_alert,high,26.61,01 Aug 2024
TKT69798188,15773890,app_bug,medium,17.81,2025-03-02
TKT80261926,15794580,app_bug,  low  ,15.08,05/02/2024
TKT80737013,15587562,login_issue,low,7.55,01-12-2024
TKT25719026,15787071,transfer_delay,low,8.35,02-05-2025
TKT99443004,15600651,transfer_delay,low,4.34,2024/09/01
TKT32079820,15675964,card_decline,medium,10.81,09/01/2025
TKT90395557,15711540,transfer_delay,high,23.16,02 Aug 2025
TKT67250092,15646810,fraud_alert,critical,11.4,2025/09/01
TKT17408056,15590241,fee_dispute,low,36.63,02 Aug 2025
TKT47297247,15794142,transfer_delay,low,20.74,08/01/2024
TKT90841223,15597602,  fraud_alert  ,LOW,21.25,2025-03-02
TKT65668620,15592531,transfer_delay,low,,01 Sep 2025
TKT22678551,15711309,card_decline,low,17.81,2025-10-01
TKT55284296,15659428,login_issue,medium,17.63,2025/09/01
TKT14168759,15596939,transfer_delay,medium,2.58,2024/05/02
TKT43776770,15681068,fee_dispute,high,7.7,2025-10-01
TKT98375462,15704769,app_bug,high,46.92,02-05-2024
TKT24316457,15809248,login_issue,low,4.69,2025/01/31
TKT13669663,15647311,app_bug,low,9.89,2024-12-01
TKT62857645,15763218,login_issue,  medium  ,-5.0,10/01/2025
TKT72210025,15595039,app_bug,low,25.06,06/01/2024
TKT82238124,15814035,card_decline,medium,13.37,31-01-2025
TKT74771559,15640905,transfer_delay,medium,,2025-07-02
TKT94094493,15669516,  unknown  ,high,14.51,01 Sep 2025
TKT29316227,15591711,app_bug,medium,16.65,01 Aug 2024
TKT63618480,15743192,app_bug,high,14.08,02 May 2025
TKT91592073,15592846,card_decline,low,17.97,2024-07-02
TKT31933156,15633922,fraud_alert,critical,21.9,10/01/2025
TKT54894213,15653762,fraud_alert,high,7.81,01-08-2024
TKT90214983,15760085,login_issue,low,,02-05-2024
TKT38789912,15591607,fraud_alert,medium,13.32,02 Apr 2025
TKT27041122,15776780,transfer_delay,  high  ,3.82,07/02/2024
TKT77277692,15668893,fee_dispute,medium,6.87,2025-01-31
TKT90972346,15713578,transfer_delay,low,38.64,01-10-2025
TKT50597676,15710404,app_bug,medium,5.64,2025/07/02
TKT26363559,15585215,app_bug,LOW,9.18,2024/06/01
TKT55051115,15695585,app_bug,medium,11.68,2025-07-02
TKT99951948,15605284,fee_dispute,high,3.19,2024-06-01
TKT54929975,15705953,fraud_alert,low,10.33,2024/08/01
TKT87871630,15668893,card_decline,medium,10.35,2025/09/01
TKT90212098,15671256,app_bug,low,,2025-08-02
TKT44857594,15690134,fraud_alert,medium,16.32,2025-01-01
TKT87713599,15759298,card_decline,low,78.37,2025/09/01
TKT62133389,15594898,fee_dispute,high,6.38,02 Jul 2024
TKT48537522,15569807,transfer_delay,high,10.04,01-06-2024
TKT80800785,15776807,login_issue,low,14.96,02-05-2025
TKT99933390,15584766,app_bug,high,45.76,01 Dec 2024
TKT14050484,15600337,  transfer_delay  ,low,25.24,07/02/2024
TKT24142267,15654060,fraud_alert,critical,20.85,03/02/2025
TKT89157479,15762238,transfer_delay,medium,-1.2,01-09-2025
TKT55338113,15636444,card_decline,critical,4.89,01/01/2025
TKT31765968,15681206,fee_dispute,low,21.57,01/31/2025
TKT85714374,15754084,fee_dispute,low,11.7,2025-03-02
TKT19180508,15662100,card_decline,MEDIUM,10.76,02 Mar 2025
TKT77799935,15665834,login_issue,low,15.54,2024/10/01
TKT51563145,15721181,transfer_delay,critical,32.84,2025/06/02
TKT71442029,15571221,card_decline,low,22.47,12/01/2024
TKT46133440,15686611,transfer_delay,high,10.82,2024-10-01
TKT90690609,15634632,fraud_alert,medium,19.1,01-09-2024
TKT91395199,15780628,TRANSFER_DELAY,  high  ,8.07,07/02/2024
TKT49553358,15705512,login_issue,high,6.56,02 Jul 2025
TKT44042651,15808017,card_decline,medium,3.6,02 May 2025
TKT44002288,15794278,app_bug,high,8.31,01-01-2025
TKT94462476,15669064,app_bug,low,10.11,2024/11/01
TKT12778879,15803406,fee_dispute,medium,21.56,2024-10-01
TKT59387758,15634844,unknown,medium,12.3,02-07-2025
TKT89541058,15746902,fraud_alert,high,30.77,02-06-2025
TKT38603133,15701354,  fraud_alert  ,  low  ,13.42,2025/07/02
TKT38526704,15585888,card_decline,critical,27.91,2024-05-02
TKT53676468,15695846,card_decline,medium,9.89,2024/11/01
TKT42769752,15751208,card_decline,high,9.03,01/31/2025
TKT77448734,15745012,card_decline,  medium  ,10.1,01 Oct 2025
TKT93057857,15653849,card_decline,  low  ,,12/01/2024
TKT24645877,15641582,card_decline,medium,12.3,01/31/2025
TKT87155223,15677307,card_decline,high,34.47,12/01/2024
TKT22533534,15588350,login_issue,low,,01/31/2025
TKT42527960,15568506,card_decline,low,14.99,2025/10/01
TKT28151920,15575185,fraud_alert,HIGH,13.3,01 Sep 2024
TKT98754518,15698932,card_decline,low,37.96,02 Apr 2025
TKT74309688,15779052,fraud_alert,MEDIUM,20.2,2025-06-02
TKT53084181,15633950,fee_dispute,medium,6.76,2025/05/02
TKT71334613,15627801,login_issue,high,21.58,02 Jul 2024
TKT68955378,15787772,  fraud_alert  ,MEDIUM,9999.99,2025-03-02
TKT44751151,15632264,fraud_alert,medium,8.98,01 Oct 2025
TKT21614402,15573112,APP_BUG,low,6.83,07/02/2024
TKT86897288,15677020,transfer_delay,medium,35.73,02-05-2025
TKT32256076,15620981,login_issue,critical,,2025-01-01
TKT62242341,15676521,fraud_alert,MEDIUM,6.11,01-01-2025
TKT79497853,15737888,app_bug,medium,16.69,02-06-2025
TKT27344131,15575024,app_bug,medium,6.21,2025/08/02
TKT36811710,15665956,card_decline,medium,14.13,05/02/2024
TKT59194514,15769504,transfer_delay,high,10.07,2024-11-01
TKT51961749,15723886,app_bug,MEDIUM,,01 Jun 2024
TKT93704939,15677369,fee_dispute,medium,6.64,2025/09/01
TKT47610200,15806467,fee_dispute,low,10.47,2024-06-01
TKT76567546,15708608,transfer_delay,high,,2025-03-02
TKT27977999,15669987,,medium,,01-06-2024
TKT76143302,15812191,login_issue,high,14.42,2024-05-02
TKT73776723,15790782,login_issue,critical,8.14,2025-05-02
TKT83669398,15777211,APP_BUG,medium,49.19,2024-09-01
TKT79678603,15709737,app_bug,medium,16.56,2025/01/01
TKT12296691,15726234,  fraud_alert  ,  critical  ,19.59,2025-01-01
TKT56274196,15668032,login_issue,  low  ,33.44,01 Nov 2024
TKT63924504,15685329,login_issue,MEDIUM,18.22,01 Oct 2024
TKT72846978,15802381,transfer_delay,medium,16.24,01-10-2025
TKT47078079,15699389,card_decline,medium,24.26,01-01-2025
TKT78437079,15688251,card_decline,medium,12.85,01-09-2024
TKT77678819,15718673,card_decline,low,3.86,02 Jun 2025
TKT76624203,15620981,card_decline,,13.89,12/01/2024
TKT55971173,15629677,app_bug,critical,31.27,01-12-2024
TKT81291052,15585865,card_decline,low,8.86,2025-09-01
TKT24708635,15661507,fraud_alert,low,0.77,2025/04/02
TKT41386594,15667215,login_issue,critical,11.76,2024-07-02
TKT81054315,15809722,login_issue,critical,22.18,01/31/2025
TKT78192909,15745088,card_decline,low,11.25,01/01/2025
TKT12782981,15718443,,low,8.23,2024/06/01
TKT96007959,15603436,transfer_delay,medium,7.88,2024-11-01
TKT70063351,15649423,  login_issue  ,low,7.03,2025-01-01
TKT61798648,15732674,fee_dispute,high,9.13,2025/01/01
TKT10922082,15717225,,low,5.56,04/02/2025
TKT94791903,15728669,transfer_delay,medium,22.72,2024/07/02
TKT99586814,15808473,card_decline,low,12.98,2024/05/02
TKT32124960,15637414,fraud_alert,low,3.89,01 Dec 2024
TKT36950355,15697441,fee_dispute,critical,33.86,06/01/2024
TKT69869007,15676521,login_issue,medium,20.1,01 Jun 2024
TKT28020863,15748625,transfer_delay,medium,9.14,01 Nov 2024
TKT32613719,15723488,fraud_alert,HIGH,18.83,01 Oct 2025
TKT17797527,15800116,app_bug,medium,13.12,2024-07-02
TKT35927386,15609618,,high,23.83,01/01/2025
TKT18592761,15709324,fraud_alert,medium,20.12,02-04-2025
TKT35312824,15583725,login_issue,critical,21.98,02 Aug 2025
TKT20646425,15805112,app_bug,medium,10.04,2025-01-01
TKT93392894,15591509,login_issue,low,14.91,01 Nov 2024
TKT76554061,15653547,login_issue,low,47.42,01 Oct 2025
TKT19818096,15650068,fee_dispute,medium,,06/01/2024
TKT65089537,15627000,fraud_alert,medium,34.54,2025/03/02
TKT14371906,15685997,fee_dispute,medium,,01 Dec 2024
TKT71003216,15621075,app_bug,medium,23.52,2024-05-02
TKT55579018,15654700,card_decline,medium,28.09,2025/01/31
TKT86296554,15601026,fraud_alert,low,0.55,2024-05-02
TKT31146780,15733114,fee_dispute,medium,19.91,2024-07-02
TKT15384129,15676966,fraud_alert,low,7.73,09/01/2025
TKT75441129,15767432,fee_dispute,medium,24.91,01 Jan 2025
TKT81201980,15621075,card_decline,low,5.09,12/01/2024
TKT12287452,15659843,app_bug,medium,24.07,01 Sep 2024
TKT14917347,15794396,card_decline,low,14.17,02 Aug 2025
TKT42125058,15746726,login_issue,LOW,17.25,01 Oct 2025
TKT84389306,15614049,app_bug,low,0.33,09/01/2025
TKT93071425,15711309,fraud_alert,high,12.12,2024-09-01
TKT33815491,15641675,fee_dispute,high,10.93,09/01/2025
TKT81492702,15589475,fraud_alert,low,12.5,01 Sep 2024
TKT47604611,15633461,fee_dispute,critical,49.41,02 Apr 2025
TKT27807007,15728505,fee_dispute,critical,11.35,09/01/2025
TKT87250839,15757535,fraud_alert,medium,35.0,01-10-2025
TKT15796072,15699637,fraud_alert,high,15.39,02 May 2024
TKT69494572,15622897,fraud_alert,low,3.78,02-05-2025
TKT50798742,15794056,  transfer_delay  ,high,11.73,2025/10/01
TKT89753056,15655961,transfer_delay,medium,5.86,2024-06-01
TKT51307931,15812191,login_issue,critical,12.12,2025-05-02
