offer_id,customer_id,offer_type,accepted,date_offered
OFR92388201,15568748,card_upgrade,N,01 Nov 2023
OFR51730813,15662736,loan_rate_cut,false,2024/06/01
OFR39024310,15680772,cashback,1,02-07-2025
OFR81930062,15576623,SAVINGS_BONUS,Y,08/01/2024
OFR95415951,15767954,savings_bonus,1,2024-08-01
OFR42191436,15812007,card_upgrade,no,11/01/2024
OFR56531753,15656176,cashback,Y,2024/05/02
OFR23593226,15725679,card_upgrade,1,06/01/2024
OFR85098046,15686870,loan_rate_cut,Y,2024-10-01
OFR78618852,15654238,card_upgrade,false,2023/11/01
OFR39787034,15607040,,N,01-11-2024
OFR79508052,15599433,cashback,0,2025-05-02
OFR31741377,15799384,  savings_bonus  ,Yes,02 Dec 2023
OFR48052774,15739438,loan_rate_cut,Y,2024/09/01
OFR48000995,15585036,fee_waiver,1,2025/07/02
OFR28212702,15700772,card_upgrade,0,02-03-2025
OFR90036227,15709324,savings_bonus,N,2024-09-01
OFR58950870,15645772,loan_rate_cut,no,02-04-2024
OFR56683155,15710404,  savings_bonus  ,No,09/01/2024
OFR57487271,15689614,cashback,true,2025/09/01
OFR26718951,15755262,LOAN_RATE_CUT,N,10/01/2024
OFR81919408,15742358,savings_bonus,Y,01/01/2025
OFR36425146,15571002,card_upgrade,No,01 Nov 2024
OFR42777281,15625759,loan_rate_cut,N,2025/03/02
OFR29847887,15711889,FEE_WAIVER,false,04/02/2024
OFR13324121,15686137,fee_waiver,true,2024-04-02
OFR67649593,15649423,fee_waiver,1,01 Jan 2025
OFR48337386,15773890,card_upgrade,N,2025-03-02
OFR70841705,15672692,loan_rate_cut,0,02-03-2025
OFR99139795,15737795,loan_rate_cut,1,01 Nov 2023
OFR51651942,15779052,card_upgrade,0,2025/01/01
OFR32804501,15641732,card_upgrade,No,01 Aug 2024
OFR99179547,15670755,cashback,Y,2025-07-02
OFR63484541,15702919,savings_bonus,N,2024-01-01
OFR54244414,15591711,card_upgrade,N,01 Oct 2025
OFR21899503,15569590,loan_rate_cut,0,02-03-2025
OFR16634086,15585036,cashback,1,02 Apr 2024
OFR92321680,15614782,loan_rate_cut,0,2025/01/31
OFR98507535,15679200,cashback,no,12/01/2024
OFR69100862,15732778,fee_waiver,Yes,2024/04/02
OFR27925162,15607098,savings_bonus,Y,2025-08-02
OFR26226201,15727556,fee_waiver,no,2025/05/02
OFR55750974,15782390,fee_waiver,1,02-05-2024
OFR25490599,15605926,card_upgrade,N,2025-10-01
OFR13472226,15686983,loan_rate_cut,Yes,2025/08/02
OFR18013780,15758449,cashback,yes,01/01/2025
OFR55018867,15597602,cashback,1,04/02/2024
OFR33698555,15775318,SAVINGS_BONUS,0,01-12-2024
OFR69324108,15654506,card_upgrade,1,2025-03-02
OFR33420702,15682048,,No,02-06-2025
OFR33270145,15746902,cashback,false,2024/07/02
OFR74793534,15768104,loan_rate_cut,no,01 Nov 2023
OFR57828534,15719856,card_upgrade,0,01 Aug 2024
OFR77236785,15786308,fee_waiver,No,02 May 2024
OFR88901031,15748936,cashback,true,2024/10/01
OFR75748719,15724282,,true,10/01/2025
OFR80034743,15708608,cashback,yes,08/02/2025
OFR96258625,15627360,cashback,1,2023/11/01
OFR26602442,15809100,card_upgrade,false,08/02/2025
OFR45105632,15592979,loan_rate_cut,No,2023-11-01
OFR27682674,15787470,LOAN_RATE_CUT,1,01 Feb 2024
OFR59737421,15605461,savings_bonus,No,01-01-2024
OFR15001112,15690673,cashback,0,02-04-2025
OFR47679047,15668893,fee_waiver,true,02 Apr 2024
OFR40714715,15586959,loan_rate_cut,1,2025/06/02
OFR56987618,15694408,  savings_bonus  ,0,02 Mar 2025
OFR65882955,15669987,card_upgrade,0,01/01/2025
OFR50457901,15692761,cashback,N,02 Jul 2024
OFR78671735,15668444,card_upgrade,Yes,2023-11-01
OFR50434994,15613172,  fee_waiver  ,false,2024-11-01
OFR81113979,15587562,fee_waiver,,2024-02-01
OFR60358391,15803406,fee_waiver,false,02-04-2024
OFR68129066,15613630,card_upgrade,false,02 Dec 2023
OFR26134147,15766205,fee_waiver,Y,08/01/2024
OFR92691430,15621075,loan_rate_cut,0,01 Dec 2024
OFR39216006,15809722,cashback,no,02 May 2025
OFR41410379,15777211,card_upgrade,No,2024-06-01
OFR35252975,15634245,cashback,false,2025/03/02
OFR26517990,15602312,fee_waiver,N,01 Nov 2023
OFR44121255,15780804,card_upgrade,,2024-07-02
OFR62107976,15594898,savings_bonus,no,10/01/2025
OFR96344133,15626742,CARD_UPGRADE,0,2024/04/02
OFR70074092,15812009,  cashback  ,0,2024-07-02
OFR13278717,15592300,cashback,false,01-09-2024
OFR36815552,15637876,cashback,No,01-02-2024
OFR19129154,15582741,savings_bonus,no,02 Mar 2025
OFR22313914,15655007,cashback,yes,01 Sep 2024
OFR56889676,15573152,cashback,0,01-12-2024
OFR97407424,15677307,fee_waiver,no,01 Sep 2025
OFR23363647,15810845,fee_waiver,1,02-08-2025
OFR58978967,15794549,savings_bonus,true,12/01/2024
OFR22485546,15807609,fee_waiver,Yes,03/02/2025
OFR47894941,15724296,cashback,N,2025/08/02
OFR88972927,15805062,savings_bonus,0,11/01/2023
OFR35940541,15612350,savings_bonus,true,2024/05/02
OFR96472374,15734674,loan_rate_cut,0,2024-05-02
OFR67554498,15784209,  cashback  ,yes,2024/05/02
OFR81418655,15649992,loan_rate_cut,no,01/01/2025
OFR94601710,15659366,CASHBACK,Y,01 Jan 2024
OFR81597662,15732674,fee_waiver,0,31 Jan 2025
OFR25930126,15690134,fee_waiver,0,2024-07-02
OFR68650251,15626114,savings_bonus,no,01-02-2024
OFR26659865,15773890,fee_waiver,yes,2023/12/02
OFR20729577,15715951,savings_bonus,No,02 Jul 2025
OFR36086564,15653849,loan_rate_cut,1,02 Mar 2025
OFR35167269,15683625,loan_rate_cut,false,01 Oct 2025
OFR80466410,15811127,savings_bonus,false,2024-09-01
OFR96308206,15803764,card_upgrade,N,2024-07-02
OFR67200708,15587562,fee_waiver,N,2024/01/01
OFR43545367,15800228,fee_waiver,N,2025-04-02
OFR70780121,15582797,cashback,1,09/01/2025
OFR89925281,15578045,SAVINGS_BONUS,N,02 Mar 2024
OFR57869747,15699029,card_upgrade,Yes,02 Jun 2025
OFR95760944,15738148,card_upgrade,0,2025/04/02
OFR63764429,15807432,loan_rate_cut,Yes,08/02/2025
OFR98268171,15592937,savings_bonus,0,02-05-2024
OFR98024116,15744398,fee_waiver,false,01-11-2024
OFR41706016,15733616,fee_waiver,no,01 Jan 2024
OFR78502572,15619304,card_upgrade,No,2024-04-02
OFR45234277,15811490,card_upgrade,N,02-03-2025
OFR61441280,15607312,CASHBACK,0,01 Sep 2025
OFR32138291,15745307,cashback,Yes,01 Nov 2024
OFR32984376,15637476,loan_rate_cut,false,2024-03-02
OFR70898713,15699389,savings_bonus,N,2025-09-01
OFR31747501,15716334,  cashback  ,0,2024-09-01
OFR76430947,15641675,,No,2025/10/01
OFR49907277,15701354,loan_rate_cut,No,02 May 2025
OFR44317678,15712403,cashback,yes,2024-01-01
OFR17155500,15603436,card_upgrade,0,2024-04-02
OFR50368157,15593773,fee_waiver,false,01 Jan 2025
OFR50254811,15604119,fee_waiver,0,01-01-2025
OFR16346832,15682541,fee_waiver,N,2025-03-02
OFR45357205,15606149,loan_rate_cut,no,07/02/2024
OFR27978608,15758639,cashback,false,01 Sep 2024
OFR42895296,15592222,fee_waiver,N,07/02/2025
OFR60631363,15668886,loan_rate_cut,false,12/01/2024
OFR60795340,15797960,card_upgrade,false,01-11-2023
OFR12893445,15718673,savings_bonus,1,2025/01/01
OFR76532522,15574692,cashback,0,01-09-2025
OFR84032477,15703264,fee_waiver,0,01 Oct 2025
OFR47638494,15591995,  fee_waiver  ,0,01/31/2025
OFR24860865,15770811,loan_rate_cut,0,31 Jan 2025
OFR69348036,15717426,card_upgrade,1,05/02/2024
OFR98707815,15801488,fee_waiver,no,02-03-2025
OFR94466030,15776433,cashback,0,05/02/2024
OFR95096789,15636673,savings_bonus,1,01-01-2025
OFR41653214,15790314,cashback,yes,2024/06/01
OFR18915562,15719856,cashback,1,02 Jul 2024
OFR33808582,15723488,cashback,0,02/01/2024
OFR92679814,15629448,card_upgrade,Y,2025/05/02
OFR20965096,15714485,card_upgrade,true,04/02/2024
OFR10448646,15722548,FEE_WAIVER,0,2025/06/02
OFR39010489,15681554,loan_rate_cut,0,10/01/2025
OFR28241000,15643696,loan_rate_cut,N,2024-06-01
OFR41485633,15775318,loan_rate_cut,0,01 Dec 2024
OFR57379201,15583456,card_upgrade,no,02 Jul 2025
OFR31840663,15769974,loan_rate_cut,0,2025-01-31
OFR21355424,15732628,cashback,,2024/08/01
OFR56017535,15566091,cashback,yes,2024-11-01
OFR26928294,15677305,cashback,1,01-11-2023
OFR77911581,15677371,savings_bonus,No,08/02/2025
OFR84376948,15788659,card_upgrade,false,06/01/2024
OFR74270899,15660271,loan_rate_cut,no,2025/09/01
OFR89118407,15707473,cashback,N,2025/05/02
OFR39790165,15761986,cashback,N,06/02/2025
OFR29762163,15662976,card_upgrade,Y,01-11-2024
OFR74292942,15613772,card_upgrade,N,2024-10-01
OFR49419063,15605461,fee_waiver,0,02-07-2024
OFR83116042,15754084,loan_rate_cut,N,03/02/2025
OFR70082403,15588350,LOAN_RATE_CUT,N,04/02/2025
OFR91405570,15797964,savings_bonus,Yes,06/02/2025
OFR52855940,15713853,savings_bonus,no,01 Dec 2024
OFR39093929,15781307,cashback,Y,01 Aug 2024
OFR50175053,15663252,savings_bonus,0,02 Dec 2023
OFR22747506,15633283,fee_waiver,No,2025-07-02
OFR19765550,15603065,savings_bonus,no,01 Jun 2024
OFR54063851,15642937,savings_bonus,true,2024-07-02
OFR37910935,15613786,CASHBACK,no,2024-04-02
OFR26883431,15679145,card_upgrade,no,02 Aug 2025
OFR19530766,15630053,card_upgrade,false,2025/07/02
OFR15113590,15612966,cashback,No,04/02/2024
OFR37401987,15624592,fee_waiver,no,2024/09/01
OFR44047883,15745844,fee_waiver,0,02-04-2024
OFR66586746,15622911,fee_waiver,false,01/31/2025
OFR91121457,15762238,savings_bonus,0,02-05-2024
OFR40511426,15742358,loan_rate_cut,no,2024-07-02
OFR66339059,15636624,card_upgrade,yes,06/02/2025
OFR72924634,15758685,savings_bonus,N,11/01/2023
OFR83647707,15774393,savings_bonus,N,2024/05/02
OFR83148226,15813034,savings_bonus,No,01-10-2024
OFR20144402,15776231,loan_rate_cut,0,01 Jan 2025
OFR15743552,15737888,savings_bonus,no,02 Mar 2024
OFR57258390,15730830,loan_rate_cut,yes,02 Jul 2024
OFR91849287,15633059,cashback,No,02-07-2025
OFR13712772,15683503,card_upgrade,no,2025/08/02
OFR21799782,15627801,fee_waiver,N,02 Jul 2025
OFR49565221,15600882,card_upgrade,,02/01/2024
OFR81377148,15659557,cashback,Yes,04/02/2024
OFR66408945,15751710,savings_bonus,no,31-01-2025
OFR12583860,15704770,card_upgrade,true,2025/05/02
OFR48246217,15599289,loan_rate_cut,0,02 Jul 2024
OFR99978879,15745417,card_upgrade,yes,2024-12-01
OFR83068312,15677305,cashback,0,02-04-2024
OFR54086759,15576256,loan_rate_cut,no,2024/08/01
OFR85406318,15795564,cashback,1,2023-12-02
OFR91814590,15578980,cashback,0,12/02/2023
OFR16523178,15720910,fee_waiver,no,02/01/2024
OFR25748005,15809663,fee_waiver,0,04/02/2024
OFR29389314,15684042,cashback,0,2024-05-02
OFR32382134,15697497,savings_bonus,Yes,01-09-2025
OFR44212016,15733247,cashback,yes,01 Oct 2025
OFR67591625,15613319,  cashback  ,N,02 Jul 2025
OFR68732859,15575185,  fee_waiver  ,N,2024-03-02
OFR51498948,15787174,fee_waiver,no,02 Jul 2024
OFR79466440,15688074,loan_rate_cut,true,01/01/2025
OFR27467330,15739803,savings_bonus,1,2024/08/01
OFR18892902,15805955,card_upgrade,No,2025-09-01
OFR38141850,15612087,  card_upgrade  ,true,02 Apr 2024
OFR14546772,15726931,  loan_rate_cut  ,0,2024-08-01
OFR78050872,15730076,fee_waiver,false,01 Nov 2023
OFR68453568,15769504,cashback,yes,01-02-2024
OFR56869354,15585595,cashback,1,31 Jan 2025
OFR20858980,15785542,fee_waiver,0,01-01-2024
OFR56725050,15585865,savings_bonus,No,01-10-2024
OFR83076510,15729362,cashback,no,02-07-2024
OFR88242563,15749851,  loan_rate_cut  ,N,02-07-2024
OFR50758314,15603134,  savings_bonus  ,0,02-12-2023
OFR53908344,15629448,cashback,0,2025/10/01
OFR11449337,15612966,fee_waiver,0,01-11-2024
OFR50825275,15721658,CARD_UPGRADE,1,09/01/2024
OFR58854437,15729599,cashback,,02-03-2025
OFR85838915,15695585,loan_rate_cut,0,2025/03/02
OFR37995744,15693814,cashback,N,2025-01-01
OFR33036857,15687946,savings_bonus,no,12/02/2023
OFR59919230,15786905,cashback,false,08/02/2025
OFR17735015,15655339,cashback,no,31-01-2025
OFR21238720,15641009,loan_rate_cut,1,02 Apr 2024
OFR53143260,15767954,cashback,yes,01/01/2025
OFR20956125,15625944,savings_bonus,0,01/01/2025
OFR73709959,15682757,fee_waiver,,11/01/2023
OFR32171701,15810432,card_upgrade,no,01 Feb 2024
OFR37910935,15613786,CASHBACK,no,2024-04-02
OFR86481026,15733797,cashback,no,2024-08-01
OFR22713593,15619360,loan_rate_cut,no,03/02/2025
OFR72992994,15787619,fee_waiver,false,2024-07-02
OFR83845534,15717225,cashback,0,2024/05/02
OFR96516790,15625759,cashback,yes,01 Sep 2024
OFR28223680,15756475,card_upgrade,0,01 Jun 2024
OFR23189214,15715142,savings_bonus,0,01 Nov 2023
OFR14662460,15794048,card_upgrade,false,02 Apr 2024
OFR14649135,15686611,fee_waiver,true,02 Dec 2023
OFR61617326,15794549,card_upgrade,false,01-09-2024
OFR41159300,15660155,fee_waiver,No,08/01/2024
OFR21464750,15642937,savings_bonus,No,2024-06-01
OFR31938782,15777892,fee_waiver,No,2024-01-01
OFR25741900,15775625,fee_waiver,Yes,01-09-2025
OFR27494831,15718369,loan_rate_cut,0,02-05-2024
OFR61114080,15803976,fee_waiver,false,11/01/2024
OFR47221113,15680920,cashback,no,2024-12-01
OFR62873075,15805112,fee_waiver,No,01-08-2024
OFR32481883,15779052,fee_waiver,no,2024/12/01
OFR21627519,15736879,loan_rate_cut,No,04/02/2025
OFR97746642,15803764,fee_waiver,Yes,2025/04/02
OFR21863999,15616550,cashback,0,06/01/2024
OFR54415591,15566111,loan_rate_cut,1,2024/11/01
OFR87259102,15794278,fee_waiver,false,02-06-2025
OFR20809956,15691625,fee_waiver,1,01 Sep 2025
OFR83097148,15625881,,N,2024/02/01
OFR57465979,15761986,savings_bonus,,02/01/2024
OFR90148438,15745621,loan_rate_cut,N,01 Dec 2024
OFR24170284,15702968,loan_rate_cut,No,2024/07/02
OFR98682809,15734886,CASHBACK,No,2024/06/01
OFR99232650,15803689,loan_rate_cut,0,02 May 2024
OFR35268960,15659098,card_upgrade,no,2025/01/01
OFR52975528,15724944,SAVINGS_BONUS,1,02 Apr 2024
OFR41184357,15800703,cashback,N,08/02/2025
OFR23886054,15592531,card_upgrade,Y,2024/06/01
OFR92841137,15675522,  cashback  ,No,01 Nov 2024
OFR28251140,15787470,  savings_bonus  ,true,07/02/2024
OFR47173576,15662100,fee_waiver,N,01-09-2024
OFR91228001,15709368,fee_waiver,N,01-12-2024
OFR17273316,15756804,cashback,0,02-05-2025
OFR59858300,15783501,CASHBACK,N,2025/10/01
OFR27165443,15677921,savings_bonus,No,02-07-2024
OFR85700804,15633064,savings_bonus,no,01 Nov 2023
OFR50582373,15586959,cashback,0,01 Feb 2024
OFR48745207,15775625,loan_rate_cut,1,02 May 2025
OFR93883388,15660429,loan_rate_cut,0,01/31/2025
OFR93864185,15660271,savings_bonus,no,2024/09/01
OFR85164478,15728669,card_upgrade,no,02-03-2025
OFR60670967,15736534,cashback,0,01 Nov 2024
OFR18139665,15693683,card_upgrade,no,2024/01/01
OFR19810943,15611759,savings_bonus,false,2024-12-01
OFR97012175,15576313,cashback,0,06/02/2025
OFR46904390,15583456,loan_rate_cut,1,2024/11/01
OFR22175373,15745324,card_upgrade,no,12/02/2023
OFR34666880,15773469,loan_rate_cut,false,2025/04/02
OFR78670307,15689614,cashback,false,2024/04/02
OFR56491435,15584766,card_upgrade,N,08/01/2024
OFR22572455,15785798,savings_bonus,Yes,12/01/2024
OFR88034442,15609286,fee_waiver,0,02 Jun 2025
OFR26279715,15783659,card_upgrade,false,01 Nov 2024
OFR10000078,15603925,loan_rate_cut,no,03/02/2024
OFR95769920,15752047,loan_rate_cut,0,09/01/2025
OFR90037165,15566292,loan_rate_cut,0,02-04-2024
OFR18675186,15736816,loan_rate_cut,N,2024-01-01
OFR31264081,15654700,  cashback  ,N,02 Apr 2025
OFR35901963,15743192,savings_bonus,0,2024-06-01
OFR87384561,15705707,loan_rate_cut,yes,05/02/2025
OFR48515139,15747542,savings_bonus,N,06/02/2025
OFR80244731,15624188,LOAN_RATE_CUT,yes,01 Oct 2024
OFR54529087,15790355,loan_rate_cut,true,02 Jun 2025
OFR73079290,15623595,card_upgrade,0,01 Aug 2024
OFR97008755,15649992,savings_bonus,no,2024/12/01
OFR53880408,15690673,cashback,false,2025-09-01
OFR12683021,15749851,loan_rate_cut,Y,01-02-2024
OFR70993264,15589475,cashback,no,02 Mar 2024
OFR63616704,15757811,fee_waiver,no,01-11-2023
OFR23824164,15740476,savings_bonus,0,2025/09/01
OFR41397458,15731744,fee_waiver,0,2024-05-02
OFR45854154,15591047,loan_rate_cut,no,2024/04/02
OFR86289981,15717046,cashback,No,02 May 2025
OFR36017522,15683562,fee_waiver,No,05/02/2024
OFR64725890,15692750,  fee_waiver  ,Y,02 Aug 2025
OFR49088512,15661507,card_upgrade,0,10/01/2024
OFR68809528,15630910,cashback,no,02 Mar 2025
OFR66846568,15706647,fee_waiver,Yes,02 Apr 2024
OFR48104915,15619955,FEE_WAIVER,true,08/01/2024
OFR49830616,15642291,card_upgrade,No,2025-01-31
OFR62044077,15782236,savings_bonus,N,02 Dec 2023
OFR90090909,15633537,cashback,0,03/02/2025
OFR58557652,15721658,fee_waiver,No,2024-11-01
OFR52906867,15697497,fee_waiver,0,02 Mar 2025
OFR32966785,15767432,fee_waiver,0,2024-05-02
OFR24491704,15732963,loan_rate_cut,N,2024-03-02
OFR94601710,15659366,CASHBACK,Y,01 Jan 2024
OFR24832972,15667871,loan_rate_cut,false,2025/05/02
OFR30853446,15716835,cashback,N,01-10-2024
OFR13595181,15568595,  loan_rate_cut  ,N,2025/10/01
OFR58207328,15686436,cashback,N,2024-01-01
OFR58496236,15781589,fee_waiver,yes,02 May 2025
OFR86202576,15675316,loan_rate_cut,No,02 Jul 2025
OFR59521571,15739438,savings_bonus,no,06/01/2024
OFR14382862,15794413,fee_waiver,0,08/02/2025
OFR26462421,15614049,card_upgrade,0,2024-03-02
OFR77811447,15586585,loan_rate_cut,0,2025/10/01
OFR35510144,15805449,fee_waiver,0,11/01/2024
OFR97771517,15790314,loan_rate_cut,0,2024/02/01
OFR86449179,15789669,loan_rate_cut,1,2025/10/01
OFR68913176,15774510,fee_waiver,0,2023-11-01
OFR55780171,15730830,card_upgrade,false,01 Sep 2024
OFR24000685,15675964,savings_bonus,N,02 Mar 2024
OFR35813976,15594594,savings_bonus,0,2024/03/02
OFR77068345,15576256,fee_waiver,0,2025-07-02
OFR50888616,15640635,card_upgrade,no,03/02/2024
OFR78559963,15585215,savings_bonus,0,02-04-2025
OFR61765280,15794396,loan_rate_cut,0,01 Sep 2025
OFR45054059,15773809,  fee_waiver  ,Yes,2025-10-01
OFR44438795,15672145,cashback,1,02 Jul 2024
OFR61171273,15648064,fee_waiver,No,2024/01/01
OFR50094800,15715527,card_upgrade,N,2025-04-02
OFR35405034,15755648,cashback,0,02-12-2023
OFR47596895,15598883,loan_rate_cut,N,04/02/2025
OFR82125048,15777076,cashback,true,11/01/2024
OFR77571904,15705521,savings_bonus,Yes,2025-08-02
OFR40111956,15601026,savings_bonus,yes,02 Apr 2024
OFR69464839,15785519,cashback,true,04/02/2025
OFR95356494,15583212,LOAN_RATE_CUT,0,02 Apr 2025
OFR14676567,15703793,loan_rate_cut,No,02-12-2023
OFR27308263,15599660,loan_rate_cut,Yes,07/02/2025
OFR18104307,15577657,card_upgrade,No,02-05-2024
OFR93603700,15754713,loan_rate_cut,no,2025-04-02
OFR20670445,15591509,fee_waiver,0,01 Oct 2025
OFR88083807,15646810,cashback,Y,02 Apr 2024
OFR77776963,15671137,fee_waiver,No,31-01-2025
OFR58242900,15726234,savings_bonus,N,12/01/2024
OFR15353802,15626144,fee_waiver,0,02-05-2025
OFR40178832,15741336,fee_waiver,1,12/01/2024
OFR66119172,15659843,savings_bonus,0,07/02/2025
OFR57220075,15737051,loan_rate_cut,No,2024/01/01
OFR48071478,15745844,cashback,0,02 Jun 2025
OFR17303859,15745088,card_upgrade,false,2025-10-01
OFR61097103,15600651,card_upgrade,false,2025/09/01
OFR34402409,15603203,  cashback  ,0,01-11-2024
OFR92209028,15788291,cashback,yes,01-01-2024
OFR58255205,15797736,cashback,N,2025-08-02
OFR56399900,15676966,savings_bonus,1,09/01/2024
OFR45471319,15613172,fee_waiver,No,01/01/2025
OFR77130074,15585888,card_upgrade,No,2024/12/01
OFR96785437,15608968,loan_rate_cut,false,2024-08-01
OFR23638594,15755196,savings_bonus,true,02/01/2024
OFR56344574,15799422,card_upgrade,0,2024-02-01
OFR15631400,15698839,fee_waiver,no,08/02/2025
OFR87231276,15759618,loan_rate_cut,no,01 Oct 2025
OFR57487271,15689614,cashback,true,2025/09/01
OFR25951194,15704769,cashback,yes,06/01/2024
OFR67206354,15669987,card_upgrade,No,01-12-2024
OFR90852988,15762418,savings_bonus,N,02-04-2024
OFR57808565,15804072,savings_bonus,Y,2024-10-01
OFR38587206,15719377,savings_bonus,N,01 Sep 2025
OFR90843693,15671256,cashback,1,2024-07-02
OFR37632132,15595440,cashback,N,02-08-2025
OFR88107887,15731815,loan_rate_cut,true,01 Nov 2023
OFR50048073,15650288,loan_rate_cut,Yes,2025-05-02
OFR72350156,15573318,loan_rate_cut,1,01-10-2025
OFR21008316,15708916,cashback,0,01-12-2024
OFR25677832,15786170,card_upgrade,0,03/02/2024
OFR93680733,15674551,loan_rate_cut,0,02 Jul 2024
OFR53202789,15781465,card_upgrade,No,01/01/2024
OFR57220075,15737051,loan_rate_cut,No,2024/01/01
OFR68882531,15605447,savings_bonus,Yes,2025/04/02
OFR48612350,15810834,cashback,No,01-12-2024
OFR95788496,15727829,,No,02-07-2025
OFR73862044,15812878,loan_rate_cut,false,2025-06-02
OFR92295001,15576269,savings_bonus,0,01-11-2023
OFR30578103,15786170,CARD_UPGRADE,0,02-05-2024
OFR10437160,15762729,savings_bonus,Yes,02-05-2024
OFR83382959,15646810,loan_rate_cut,true,02-05-2024
OFR62365467,15581197,card_upgrade,0,01 Oct 2025
OFR98888269,15797736,  cashback  ,0,2025-10-01
OFR49604509,15795149,FEE_WAIVER,false,02 Jul 2025
OFR45183382,15699461,savings_bonus,Y,01-06-2024
OFR55028404,15731815,fee_waiver,0,02 Apr 2024
OFR27552651,15640059,card_upgrade,0,10/01/2025
OFR77205927,15787071,SAVINGS_BONUS,0,2025-10-01
OFR44317941,15710424,card_upgrade,1,02-03-2024
OFR53765254,15684484,loan_rate_cut,no,2024-11-01
OFR42207497,15702014,cashback,Y,02-03-2025
OFR72378587,15708710,cashback,false,2025/06/02
OFR64905442,15797219,card_upgrade,No,04/02/2025
OFR14406733,15650237,savings_bonus,0,2025/05/02
OFR52106842,15665956,savings_bonus,true,02-06-2025
OFR13102389,15786905,fee_waiver,yes,2024/05/02
OFR22273284,15666252,cashback,N,01 Nov 2023
OFR91467347,15686164,loan_rate_cut,No,2025-03-02
OFR55407360,15641582,card_upgrade,1,2024/01/01
OFR22978934,15640059,CASHBACK,0,2025-04-02
OFR16393340,15578977,loan_rate_cut,0,2024/07/02
OFR57472792,15566091,loan_rate_cut,1,02-07-2025
OFR13912755,15638424,LOAN_RATE_CUT,0,06/02/2025
OFR92704606,15706021,cashback,0,02 Jul 2024
OFR95220305,15804586,loan_rate_cut,0,2024/07/02
OFR83788081,15797748,cashback,0,02-03-2024
OFR14490419,15686870,savings_bonus,Yes,2025/01/01
OFR72985018,15793726,fee_waiver,false,02 Jul 2024
OFR17844983,15814035,loan_rate_cut,true,2024/07/02
OFR69060667,15715527,CASHBACK,Y,10/01/2025
OFR70106423,15596175,cashback,no,02-07-2025
OFR73654046,15596939,CASHBACK,Yes,01-11-2023
OFR84629901,15659098,card_upgrade,No,01-08-2024
OFR13658084,15740476,fee_waiver,0,2025-01-31
OFR85649919,15600462,cashback,false,05/02/2025
OFR94234583,15663706,card_upgrade,1,02-07-2025
OFR44518878,15697441,loan_rate_cut,true,01 Feb 2024
OFR56967778,15797964,card_upgrade,0,2025-09-01
OFR62379920,15626900,fee_waiver,0,10/01/2024
OFR90607138,15689044,card_upgrade,No,01-06-2024
OFR45040060,15677610,fee_waiver,yes,05/02/2025
OFR38433614,15684171,cashback,0,04/02/2024
OFR41145743,15686302,cashback,no,01 Nov 2024
OFR15184094,15613880,loan_rate_cut,0,12/02/2023
OFR39427019,15677020,cashback,no,2025/05/02
OFR68430983,15803526,loan_rate_cut,0,02 Dec 2023
OFR70318292,15642004,card_upgrade,N,02-04-2024
OFR65118172,15595766,  cashback  ,N,2025-08-02
OFR57084511,15745324,fee_waiver,,31 Jan 2025
OFR28028436,15628936,savings_bonus,false,02-08-2025
OFR81867324,15684173,savings_bonus,0,01 Sep 2024
OFR57775721,15785819,loan_rate_cut,Yes,2023/12/02
OFR55569693,15768193,savings_bonus,no,01-06-2024
OFR36585171,15661249,card_upgrade,no,01-01-2024
OFR49839040,15775912,loan_rate_cut,no,02 Jul 2025
OFR10585992,15630053,savings_bonus,no,02 Jun 2025
OFR35492223,15658929,cashback,Y,01-09-2024
OFR25872001,15661629,FEE_WAIVER,N,11/01/2024
OFR72009576,15578980,loan_rate_cut,true,12/01/2024
OFR20430897,15593782,  fee_waiver  ,no,2024/01/01
OFR42994754,15712543,card_upgrade,,01-10-2024
OFR70955865,15811589,loan_rate_cut,,01 Oct 2025
OFR87095199,15772423,loan_rate_cut,N,01-12-2024
OFR51210762,15576368,savings_bonus,N,01/01/2025
OFR49633882,15685500,card_upgrade,N,01 Oct 2024
OFR85856538,15754713,card_upgrade,0,05/02/2024
OFR76638172,15730460,fee_waiver,0,02-08-2025
OFR70252675,15761043,savings_bonus,Y,2024-11-01
OFR14018417,15718369,CARD_UPGRADE,0,05/02/2025
OFR56705055,15611088,card_upgrade,0,2024-06-01
OFR88510718,15667896,loan_rate_cut,No,2024-04-02
OFR27517483,15574012,fee_waiver,false,2024/11/01
OFR51929149,15661526,cashback,No,01/31/2025
OFR51532198,15724563,loan_rate_cut,false,2024/07/02
OFR95378093,15590241,cashback,yes,01 Sep 2024
OFR64140260,15782210,fee_waiver,0,2024/11/01
OFR55413934,15572265,loan_rate_cut,No,2024-05-02
OFR42714591,15759537,savings_bonus,No,2025/05/02
OFR35351342,15647099,savings_bonus,yes,02 Mar 2025
OFR61052421,15569807,,Yes,01-01-2024
OFR78711922,15676715,loan_rate_cut,true,2023/11/01
OFR58504758,15619955,loan_rate_cut,0,2024/03/02
OFR10965488,15671137,card_upgrade,N,05/02/2025
OFR48077774,15790299,card_upgrade,no,2025/09/01
OFR96325347,15608114,card_upgrade,false,01-01-2024
OFR51466389,15628145,savings_bonus,N,2024/10/01
OFR73900083,15748625,fee_waiver,yes,02 May 2024
OFR56129761,15585362,fee_waiver,no,31-01-2025
OFR21483441,15807923,fee_waiver,no,2024-11-01
OFR30756859,15705620,fee_waiver,false,02-07-2024
OFR93382500,15651280,loan_rate_cut,0,11/01/2023
OFR99352715,15725679,loan_rate_cut,0,01/31/2025
OFR80471154,15724563,,false,03/02/2024
OFR35937936,15778463,card_upgrade,Y,02-04-2024
OFR49360857,15671139,card_upgrade,false,2025-09-01
OFR32182826,15599433,CARD_UPGRADE,No,02 Jun 2025
OFR43629195,15754849,savings_bonus,1,02-08-2025
OFR84376948,15788659,card_upgrade,false,06/01/2024
OFR87671466,15636624,card_upgrade,1,01-08-2024
OFR88690082,15581539,cashback,false,10/01/2025
OFR83750567,15803689,  card_upgrade  ,N,2024-11-01
OFR18924127,15790678,loan_rate_cut,0,06/02/2025
OFR68586614,15612525,cashback,0,02-03-2024
OFR56218464,15601848,fee_waiver,Y,06/02/2025
OFR90343546,15600739,loan_rate_cut,true,2025-10-01
OFR82532516,15789158,savings_bonus,false,02 Apr 2024
OFR86987436,15576352,fee_waiver,,02 Mar 2024
OFR19251792,15658169,savings_bonus,N,2024-11-01
OFR53204822,15612187,savings_bonus,N,02 May 2025
OFR92701874,15716155,savings_bonus,no,02 Apr 2024
OFR81753596,15665238,  card_upgrade  ,false,2023/11/01
OFR91405570,15797964,savings_bonus,Yes,06/02/2025
OFR99647944,15810418,fee_waiver,No,02-03-2024
OFR90269482,15706647,card_upgrade,No,2024-11-01
OFR21588973,15631868,cashback,yes,05/02/2025
OFR94306995,15684484,loan_rate_cut,yes,02 Aug 2025
OFR81427183,15637753,savings_bonus,Y,02 May 2025
OFR70243920,15745295,fee_waiver,0,2024/08/01
OFR25513050,15599289,cashback,,2023-12-02
OFR13594773,15733119,card_upgrade,false,02 Mar 2024
OFR77146117,15781589,card_upgrade,0,01/01/2024
OFR10717579,15750141,card_upgrade,N,2023/11/01
OFR82017994,15810218,  fee_waiver  ,0,31-01-2025
OFR41183078,15654506,fee_waiver,N,01-10-2025
OFR85168566,15594917,loan_rate_cut,1,2025/10/01
OFR25245597,15663706,savings_bonus,0,01 Dec 2024
OFR71783038,15792365,loan_rate_cut,N,01-09-2024
OFR44773653,15655961,loan_rate_cut,0,01/01/2025
OFR40461624,15740900,fee_waiver,No,2025-07-02
OFR45041814,15604119,loan_rate_cut,false,2024/09/01
OFR57381407,15782236,loan_rate_cut,Yes,2025-06-02
OFR91774741,15706365,loan_rate_cut,false,04/02/2024
OFR91351376,15732628,fee_waiver,false,09/01/2024
OFR64870897,15592937,cashback,yes,01 Nov 2023
OFR15453679,15727915,fee_waiver,Y,11/01/2024
OFR91099477,15723873,LOAN_RATE_CUT,no,02 Aug 2025
OFR52217854,15745527,card_upgrade,1,2024-06-01
OFR61492756,15611325,cashback,0,2025/04/02
OFR99021969,15575492,savings_bonus,yes,2024-09-01
OFR56777828,15658032,FEE_WAIVER,No,31 Jan 2025
OFR89109814,15680920,card_upgrade,yes,09/01/2024
OFR83261833,15568982,fee_waiver,No,02 Jun 2025
OFR24514459,15597945,savings_bonus,false,01 Oct 2024
OFR24027477,15592461,fee_waiver,no,01 Dec 2024
OFR21929168,15660101,loan_rate_cut,0,2023-12-02
OFR59221653,15700772,  cashback  ,true,2025-10-01
OFR82428791,15767821,savings_bonus,N,01/01/2025
OFR35374163,15575883,  fee_waiver  ,No,02-07-2025
OFR23662155,15568506,card_upgrade,false,2025-01-31
OFR78397018,15721181,card_upgrade,yes,2025-07-02
OFR76579301,15634632,card_upgrade,yes,01-09-2025
OFR74416127,15570134,cashback,yes,02-04-2025
OFR74466205,15718057,fee_waiver,no,2024/08/01
OFR61099582,15725811,savings_bonus,0,2025/04/02
OFR80544169,15585388,card_upgrade,0,12/01/2024
OFR66959443,15585255,card_upgrade,0,02 Aug 2025
OFR63196984,15628034,cashback,false,01 Aug 2024
OFR73654046,15596939,CASHBACK,Yes,01-11-2023
OFR15122188,15705639,card_upgrade,no,01/01/2024
OFR62345686,15794580,savings_bonus,N,02-06-2025
OFR83775408,15692750,card_upgrade,Y,2024/03/02
OFR24428082,15573152,cashback,0,2024/02/01
OFR26639918,15766575,  loan_rate_cut  ,0,2024-08-01
OFR67116619,15609618,savings_bonus,false,01 Jan 2025
OFR70654392,15736008,savings_bonus,1,2024-10-01
OFR85002832,15802741,fee_waiver,Yes,01-11-2023
OFR40201610,15660211,card_upgrade,1,05/02/2025
OFR13710493,15740404,loan_rate_cut,0,2023-12-02
OFR78930313,15596175,cashback,0,2025/04/02
OFR11062817,15688251,fee_waiver,1,02 May 2025
OFR39525643,15777352,loan_rate_cut,Y,2024-05-02
OFR27680656,15688251,fee_waiver,no,2024-10-01
OFR80904381,15614215,loan_rate_cut,1,01-11-2023
OFR30308316,15611579,  savings_bonus  ,,02-12-2023
OFR64663823,15716164,card_upgrade,0,2024-11-01
OFR60668401,15641655,LOAN_RATE_CUT,Y,2024/06/01
OFR45411136,15798398,loan_rate_cut,0,2024-01-01
OFR80018980,15738721,savings_bonus,no,02 Jul 2024
OFR86564220,15799217,,,31 Jan 2025
OFR65136515,15613880,  card_upgrade  ,false,01 Oct 2024
OFR96372331,15725737,cashback,0,01/31/2025
OFR51769369,15596939,fee_waiver,1,01 Aug 2024
OFR34614164,15591711,cashback,0,10/01/2025
OFR99947970,15673693,cashback,N,10/01/2024
OFR86661365,15805565,cashback,No,01 Nov 2024
OFR62074836,15745354,cashback,1,07/02/2025
OFR55751745,15665790,card_upgrade,0,01 Jan 2025
OFR77425673,15624623,savings_bonus,false,31 Jan 2025
OFR65465567,15812518,card_upgrade,no,02-03-2024
OFR42129638,15814275,card_upgrade,1,2024-11-01
OFR10667395,15790299,fee_waiver,0,2024-06-01
OFR86200393,15568240,card_upgrade,No,01/01/2025
OFR41322403,15576623,cashback,false,01-11-2023
OFR12925999,15570060,fee_waiver,0,01-11-2023
OFR21062028,15694272,savings_bonus,true,31 Jan 2025
OFR28050622,15629677,cashback,no,02 Jun 2025
OFR32829805,15702741,card_upgrade,N,2024-08-01
OFR79868558,15705639,  savings_bonus  ,1,2023/12/02
OFR65367996,15714939,card_upgrade,yes,2025-05-02
OFR24737617,15782688,card_upgrade,true,2025-07-02
OFR85984511,15714485,loan_rate_cut,0,01/01/2024
OFR65774313,15699430,fee_waiver,N,2025-03-02
OFR82465278,15782735,cashback,yes,2025-08-02
OFR59121845,15716186,cashback,N,02 Apr 2024
OFR83850136,15611759,fee_waiver,false,2025-05-02
OFR95761821,15810432,card_upgrade,yes,01 Jan 2024
OFR84891737,15785611,card_upgrade,Yes,2024/03/02
OFR82476283,15723654,fee_waiver,No,2024-11-01
OFR71560008,15747867,loan_rate_cut,0,2024-08-01
OFR76508559,15702298,savings_bonus,No,07/02/2025
OFR10283388,15611579,card_upgrade,false,02 May 2024
OFR60549835,15694506,fee_waiver,false,01-11-2023
OFR19085607,15731522,card_upgrade,1,04/02/2024
OFR91751109,15686436,loan_rate_cut,N,01-01-2024
OFR86003097,15712543,fee_waiver,Yes,01-11-2024
OFR32798451,15582616,fee_waiver,1,02-07-2025
OFR10775553,15571816,cashback,true,2025/09/01
OFR78642243,15794413,card_upgrade,1,2025/10/01
OFR53937407,15805254,card_upgrade,No,02 Dec 2023
OFR13163245,15803136,fee_waiver,no,2024/10/01
OFR92140464,15628112,savings_bonus,1,2023-12-02
OFR41538226,15803976,loan_rate_cut,No,11/01/2023
OFR55736167,15800703,card_upgrade,N,01 Jan 2024
OFR40600003,15591969,fee_waiver,,2024/01/01
OFR58246122,15812518,fee_waiver,yes,10/01/2024
OFR77615514,15615624,loan_rate_cut,No,12/01/2024
OFR41747038,15685329,card_upgrade,no,2024/05/02
OFR45466477,15603156,card_upgrade,No,02-03-2024
OFR65532061,15631681,cashback,N,01-09-2025
OFR57373417,15685357,savings_bonus,no,02-07-2025
OFR35610306,15788448,cashback,Yes,10/01/2025
OFR78172503,15581229,loan_rate_cut,Y,02-07-2024
OFR46617025,15629117,savings_bonus,Y,2023-12-02
OFR58253795,15662397,card_upgrade,1,01 Nov 2024
OFR23443673,15635905,fee_waiver,N,2023-11-01
OFR14577563,15652266,cashback,false,2025/01/01
OFR12773605,15737452,fee_waiver,0,12/01/2024
OFR31642619,15693864,fee_waiver,false,12/01/2024
OFR68266973,15694366,  fee_waiver  ,0,2025-07-02
OFR57407035,15788126,loan_rate_cut,false,2024/02/01
OFR38764461,15659557,loan_rate_cut,yes,01-09-2024
OFR66644601,15583303,savings_bonus,,2025/09/01
OFR65561805,15766908,fee_waiver,,2025/09/01
OFR81848419,15733114,cashback,no,12/02/2023
OFR22733764,15720893,loan_rate_cut,,31 Jan 2025
OFR57356574,15812191,savings_bonus,true,2025-06-02
OFR79246687,15774696,cashback,0,2023-11-01
OFR44621512,15776223,cashback,0,06/02/2025
OFR92334149,15624729,cashback,no,2023-12-02
OFR27958779,15777892,savings_bonus,1,01 Feb 2024
OFR87469091,15570134,loan_rate_cut,false,2025/01/31
OFR68484467,15763218,loan_rate_cut,0,04/02/2025
OFR62462548,15802381,loan_rate_cut,No,10/01/2024
OFR14042195,15715941,loan_rate_cut,N,02 Dec 2023
OFR68869216,15713483,loan_rate_cut,1,01 Nov 2023
OFR35653255,15763063,card_upgrade,,01-10-2025
OFR97293868,15680970,loan_rate_cut,false,02-06-2025
OFR86305317,15613085,card_upgrade,yes,01-11-2023
OFR32515394,15653762,savings_bonus,0,01 Jan 2024
OFR83782998,15672056,  cashback  ,no,2024-11-01
OFR81770194,15712551,card_upgrade,Y,2024-09-01
OFR53840387,15651674,fee_waiver,N,2025/08/02
OFR92688926,15692671,savings_bonus,false,11/01/2023
OFR50579343,15773792,cashback,0,2024-02-01
OFR69263268,15762218,savings_bonus,no,2024/03/02
OFR10706827,15701164,loan_rate_cut,false,01-06-2024
OFR97067723,15660602,loan_rate_cut,N,2023/11/01
OFR48926402,15694506,card_upgrade,Yes,02-04-2025
OFR13538744,15724848,loan_rate_cut,yes,11/01/2023
OFR80188285,15728669,  card_upgrade  ,1,01 Dec 2024
OFR57510598,15765311,loan_rate_cut,Yes,01-02-2024
OFR19470216,15752047,savings_bonus,yes,31 Jan 2025
OFR72078565,15595440,fee_waiver,no,01 Feb 2024
OFR85921744,15620344,savings_bonus,Yes,01/01/2024
OFR60891931,15636444,loan_rate_cut,No,08/02/2025
OFR25330707,15785819,savings_bonus,false,2023-11-01
OFR88996125,15750803,savings_bonus,yes,2024-07-02
OFR11122288,15594815,cashback,N,03/02/2024
OFR60416828,15626578,loan_rate_cut,N,02 Jul 2024
OFR64159727,15600974,loan_rate_cut,0,12/02/2023
OFR22622733,15726032,fee_waiver,no,2025-10-01
OFR13635930,15694408,fee_waiver,0,2024-06-01
OFR83484467,15624592,savings_bonus,No,2025/01/01
OFR65120672,15750181,loan_rate_cut,0,2025/07/02
OFR37120836,15744689,loan_rate_cut,N,01-09-2024
OFR67414306,15658935,cashback,0,01 Feb 2024
OFR48520853,15594815,loan_rate_cut,No,02-04-2024
OFR76850062,15747807,loan_rate_cut,Y,08/01/2024
OFR59950921,15587535,loan_rate_cut,N,08/02/2025
OFR58934792,15694860,card_upgrade,0,02 Jul 2024
OFR76959524,15642291,savings_bonus,,01-10-2024
OFR10662604,15632264,  card_upgrade  ,0,02 Apr 2024
OFR77911325,15663478,loan_rate_cut,1,01-02-2024
OFR72269657,15711889,fee_waiver,N,2024/06/01
OFR47656428,15743007,fee_waiver,no,01 Jun 2024
OFR38114902,15625021,loan_rate_cut,0,2025-06-02
OFR99177924,15613319,card_upgrade,1,02 Apr 2024
OFR21450336,15624623,loan_rate_cut,Y,02 Jun 2025
OFR69180242,15637753,card_upgrade,Yes,02-07-2024
OFR54293788,15738751,FEE_WAIVER,,2024/08/01
OFR40990067,15653547,fee_waiver,false,01-06-2024
OFR24605576,15800116,cashback,Y,09/01/2025
OFR86389486,15628936,savings_bonus,false,2024-10-01
OFR71424594,15737173,card_upgrade,N,2025-07-02
OFR93964010,15595039,fee_waiver,0,02-06-2025
OFR26151084,15656300,loan_rate_cut,no,02-07-2024
OFR91207287,15798906,cashback,yes,2025/10/01
OFR58732003,15721181,fee_waiver,No,10/01/2024
OFR78351116,15662403,fee_waiver,0,03/02/2024
OFR66397475,15662736,card_upgrade,No,02 Apr 2024
OFR40943593,15755262,fee_waiver,0,01 Nov 2023
OFR90542399,15676521,fee_waiver,0,2025/01/01
OFR58451031,15585255,loan_rate_cut,yes,2025-10-01
OFR10420370,15767432,loan_rate_cut,false,2025-07-02
OFR22870665,15692671,fee_waiver,false,2025-06-02
OFR96452825,15735203,card_upgrade,,01/31/2025
OFR90964559,15589488,savings_bonus,N,02 Aug 2025
OFR72660601,15705515,  fee_waiver  ,N,02/01/2024
OFR19771816,15729599,card_upgrade,No,06/01/2024
OFR16353681,15782390,card_upgrade,Y,01-01-2024
OFR77132449,15683562,  loan_rate_cut  ,Yes,31-01-2025
OFR39144429,15812351,savings_bonus,No,02-08-2025
OFR82244853,15591509,card_upgrade,no,2025-04-02
OFR92285074,15579334,fee_waiver,0,02 Jul 2025
OFR70443299,15724623,  savings_bonus  ,Yes,01 Nov 2024
OFR36048673,15713578,cashback,Y,2024-03-02
OFR94146202,15664610,loan_rate_cut,yes,01 Jan 2025
OFR84955334,15799384,FEE_WAIVER,false,02 Mar 2025
OFR16405193,15655339,cashback,No,01 Nov 2023
OFR81121883,15644753,card_upgrade,no,2024/08/01
OFR51587922,15586585,card_upgrade,N,04/02/2024
OFR38876506,15581197,CARD_UPGRADE,N,01 Sep 2024
OFR22951782,15777076,loan_rate_cut,0,01-01-2024
OFR17043310,15785519,savings_bonus,Y,02-04-2024
OFR63680058,15665956,FEE_WAIVER,Y,02 Mar 2024
OFR43671198,15585595,cashback,,2024-06-01
OFR34532784,15593365,LOAN_RATE_CUT,1,2025-08-02
OFR36740649,15763431,savings_bonus,N,02 Jul 2025
OFR54759706,15597945,card_upgrade,0,07/02/2025
OFR56651423,15668444,savings_bonus,N,01 Feb 2024
OFR10378193,15737792,loan_rate_cut,No,2024/12/01
OFR48866119,15594720,fee_waiver,,01-08-2024
OFR14926447,15637414,card_upgrade,no,01 Sep 2025
OFR29814209,15646372,savings_bonus,N,05/02/2024
OFR86634097,15718673,  card_upgrade  ,0,01 Oct 2025
OFR43150974,15763274,savings_bonus,N,2024-10-01
OFR79317379,15612187,fee_waiver,no,01/31/2025
OFR43943020,15622911,savings_bonus,Y,02 May 2024
OFR13557125,15794142,cashback,false,02-05-2024
OFR59110811,15624528,  fee_waiver  ,yes,01-09-2024
OFR27105479,15704770,card_upgrade,false,2025-09-01
OFR47206741,15761043,  loan_rate_cut  ,No,02-03-2024
OFR54665986,15802593,card_upgrade,false,2023/12/02
OFR43593964,15809087,fee_waiver,false,02 Mar 2025
OFR23817296,15717398,FEE_WAIVER,false,01 Oct 2024
OFR34889349,15737452,loan_rate_cut,,01 Oct 2025
OFR33325031,15594408,cashback,true,2024-06-01
OFR10911640,15763431,card_upgrade,No,01/01/2024
OFR45235615,15702669,cashback,N,08/02/2025
OFR54604456,15690452,  loan_rate_cut  ,N,01-09-2025
OFR45862163,15580148,fee_waiver,,08/01/2024
OFR47473198,15747795,savings_bonus,No,2025/01/31
OFR15069696,15783501,fee_waiver,1,01-11-2023
OFR52436150,15706365,card_upgrade,yes,02 Mar 2024
OFR94460183,15607178,cashback,1,2025-05-02
OFR77911581,15677371,savings_bonus,No,08/02/2025
OFR90486429,15764866,loan_rate_cut,1,08/01/2024
OFR25493457,15736601,savings_bonus,0,02 Apr 2024
OFR14262739,15685320,savings_bonus,,01-09-2025
OFR11778980,15651001,savings_bonus,no,03/02/2025
OFR29727029,15725166,card_upgrade,1,02 May 2025
OFR32459335,15745621,,No,08/02/2025
OFR52181094,15745088,loan_rate_cut,N,12/01/2024
OFR96118852,15734565,savings_bonus,0,31-01-2025
OFR85348138,15780628,fee_waiver,Y,2025-03-02
OFR59930401,15709737,fee_waiver,No,01 Oct 2025
OFR86904075,15623521,fee_waiver,N,01-10-2025
OFR60510075,15669169,cashback,0,01/01/2025
OFR34056969,15653780,fee_waiver,no,02-05-2025
OFR56491704,15714939,card_upgrade,N,01-08-2024
OFR80033627,15813844,savings_bonus,N,02/01/2024
OFR63444748,15771977,,No,2025-07-02
OFR54236185,15670755,savings_bonus,false,06/02/2025
OFR50551881,15784597,loan_rate_cut,No,2025/06/02
OFR57869747,15699029,card_upgrade,Yes,02 Jun 2025
OFR27516538,15609286,fee_waiver,0,01-10-2025
OFR49934592,15736112,loan_rate_cut,N,01 Jun 2024
OFR19073023,15668747,card_upgrade,0,2024/07/02
OFR38317146,15754605,loan_rate_cut,0,2024/11/01
OFR23948665,15775238,savings_bonus,1,02-05-2025
OFR78679767,15679200,  loan_rate_cut  ,yes,02-05-2024
OFR23014038,15642041,loan_rate_cut,1,01-12-2024
OFR36234004,15727688,card_upgrade,1,2025-01-31
OFR74213346,15724944,savings_bonus,no,01-01-2024
OFR36373390,15620981,fee_waiver,false,2023/12/02
OFR93423731,15769504,savings_bonus,No,2025/09/01
OFR16465138,15634141,loan_rate_cut,0,02-05-2025
OFR96382684,15727829,fee_waiver,no,2024/02/01
OFR33431368,15755209,fee_waiver,0,2025/03/02
OFR42399505,15597602,savings_bonus,no,05/02/2024
OFR74520116,15738191,card_upgrade,N,2024-12-01
OFR13884637,15785542,fee_waiver,1,01 Jan 2025
OFR29799409,15699637,savings_bonus,yes,03/02/2024
OFR17772370,15747542,savings_bonus,1,2024-01-01
OFR58114067,15678910,fee_waiver,1,11/01/2023
OFR49922773,15632210,  card_upgrade  ,0,2025/01/01
OFR50390268,15804919,cashback,Yes,2025/09/01
OFR18083870,15625426,cashback,0,03/02/2024
OFR53134603,15589805,loan_rate_cut,1,03/02/2024
OFR13157259,15698786,card_upgrade,true,02 Aug 2025
OFR71781069,15777211,fee_waiver,false,2024-03-02
OFR43479831,15700476,cashback,N,09/01/2025
OFR94627547,15592389,LOAN_RATE_CUT,1,02 Jul 2024
OFR33325031,15594408,cashback,true,2024-06-01
OFR35233626,15695846,fee_waiver,1,2023-12-02
OFR55413934,15572265,loan_rate_cut,No,2024-05-02
OFR68236461,15794056,loan_rate_cut,No,2025-01-31
OFR94211526,15600462,fee_waiver,no,2024/03/02
OFR56264337,15813850,cashback,0,02-04-2025
OFR31237130,15566156,cashback,,01-11-2023
OFR70004285,15650068,loan_rate_cut,0,03/02/2024
OFR99881383,15622834,card_upgrade,false,01-01-2025
OFR62995984,15681081,loan_rate_cut,N,01-10-2025
OFR76371439,15752137,savings_bonus,0,2025/08/02
OFR81707473,15684548,cashback,Y,01 Dec 2024
OFR25733704,15671139,cashback,false,10/01/2025
OFR25495359,15765311,cashback,true,2024/09/01
OFR25252951,15812007,CARD_UPGRADE,N,02-04-2024
OFR30526284,15638424,fee_waiver,N,2023/12/02
OFR70375883,15662085,savings_bonus,No,02 Apr 2024
OFR80341070,15701354,card_upgrade,1,09/01/2024
OFR60842993,15571221,loan_rate_cut,N,01-09-2024
OFR54348614,15728693,card_upgrade,N,2025/03/02
OFR95839556,15794171,fee_waiver,false,02/01/2024
OFR74305535,15711540,fee_waiver,yes,01 Jan 2025
OFR18689410,15696859,,1,2024/07/02
OFR46152889,15589488,LOAN_RATE_CUT,true,2024-05-02
OFR85577339,15619304,loan_rate_cut,false,02-06-2025
OFR16788381,15575024,card_upgrade,No,2024-08-01
OFR72830869,15580146,savings_bonus,false,2024-02-01
OFR74119875,15660535,loan_rate_cut,,2025-05-02
OFR48888137,15677135,cashback,1,07/02/2025
OFR31674524,15604348,loan_rate_cut,Y,07/02/2025
OFR38312340,15715941,cashback,Y,2024/04/02
OFR19475027,15702014,savings_bonus,0,01-09-2025
OFR71471345,15718057,card_upgrade,yes,12/02/2023
OFR23560567,15740404,fee_waiver,Yes,2025/06/02
OFR26572529,15662100,  cashback  ,no,01-11-2024
OFR77892495,15710424,savings_bonus,Yes,01-02-2024
OFR35074544,15808621,savings_bonus,1,2024-05-02
OFR82218817,15593365,cashback,0,2025/01/01
OFR38862667,15620344,savings_bonus,Y,2024-07-02
OFR27148889,15730076,card_upgrade,N,2024/06/01
OFR66559514,15696674,card_upgrade,yes,08/01/2024
OFR98576672,15620505,fee_waiver,no,31-01-2025
OFR47824195,15774696,fee_waiver,no,01/31/2025
OFR38322991,15605284,card_upgrade,no,02-03-2025
OFR41968388,15637979,card_upgrade,true,2025/03/02
OFR90853783,15595766,SAVINGS_BONUS,true,2025/04/02
OFR56411868,15622834,card_upgrade,1,01 Nov 2024
OFR29394307,15806964,  loan_rate_cut  ,false,02-08-2025
OFR48967523,15574692,cashback,Yes,01-10-2025
OFR21572965,15760550,  savings_bonus  ,N,2025/01/01
OFR60258173,15633648,card_upgrade,1,01-09-2025
OFR11349470,15633922,card_upgrade,,01/01/2025
OFR61425887,15600974,loan_rate_cut,0,2025-10-01
OFR14654934,15750658,card_upgrade,no,12/02/2023
OFR35428095,15603065,card_upgrade,false,08/01/2024
OFR56106013,15588350,savings_bonus,0,03/02/2024
OFR65224488,15727299,SAVINGS_BONUS,0,02-04-2025
OFR10754345,15578186,savings_bonus,0,11/01/2023
OFR13975759,15655774,fee_waiver,N,01-01-2025
OFR49696968,15759298,card_upgrade,,01/01/2025
OFR55577690,15686776,loan_rate_cut,0,02-03-2025
OFR56647384,15685997,fee_waiver,0,02 Aug 2025
OFR46373907,15570060,  fee_waiver  ,0,01 Oct 2024
OFR82146746,15575492,  savings_bonus  ,0,2024-10-01
OFR94904410,15669064,card_upgrade,1,2025/07/02
OFR37064109,15603323,fee_waiver,No,01 Oct 2025
OFR96581291,15582616,fee_waiver,1,06/01/2024
OFR66414247,15659420,cashback,Yes,05/02/2024
OFR27706796,15727868,,0,2025/01/01
OFR50145487,15639314,  fee_waiver  ,,08/02/2025
OFR46235172,15567367,fee_waiver,No,2025-07-02
OFR99325910,15681068,cashback,no,2025/06/02
OFR39687382,15775153,cashback,false,02 Mar 2025
OFR36999350,15706552,,N,12/01/2024
OFR54770127,15620204,cashback,no,2023/12/02
OFR86545122,15607312,loan_rate_cut,,2025-01-31
OFR50111873,15574012,savings_bonus,Y,02-04-2024
OFR84335527,15771977,fee_waiver,yes,07/02/2025
OFR20300078,15639788,fee_waiver,yes,2024-02-01
OFR71306949,15653857,savings_bonus,yes,02-12-2023
OFR14046781,15698474,fee_waiver,false,02/01/2024
OFR31299612,15773469,  savings_bonus  ,1,02 May 2024
OFR20776022,15805254,  card_upgrade  ,0,02 Aug 2025
OFR62312231,15700476,FEE_WAIVER,0,2025-05-02
OFR92691430,15621075,loan_rate_cut,0,01 Dec 2024
OFR16201194,15581539,FEE_WAIVER,No,2024/05/02
OFR61542263,15587421,savings_bonus,Yes,2025/01/01
OFR94300271,15681081,card_upgrade,N,06/02/2025
OFR57816347,15732674,loan_rate_cut,false,02-04-2024
OFR97462342,15598493,loan_rate_cut,N,2024-06-01
OFR55474922,15785611,loan_rate_cut,N,09/01/2024
OFR72144598,15679587,loan_rate_cut,Yes,01 Oct 2025
OFR59027035,15707362,fee_waiver,1,02 Jul 2025
OFR98804071,15736112,savings_bonus,no,2024/11/01
OFR27837750,15773039,cashback,Yes,2024-08-01
OFR32473163,15653780,  card_upgrade  ,1,2024-03-02
OFR30985700,15753754,card_upgrade,no,02-07-2024
OFR62529564,15704769,cashback,No,2025/04/02
OFR70654392,15736008,savings_bonus,1,2024-10-01
OFR24542076,15668032,fee_waiver,0,01 Aug 2024
OFR18552576,15670039,card_upgrade,1,09/01/2024
OFR68736675,15790782,cashback,No,2023-11-01
OFR77868149,15730447,  card_upgrade  ,false,2025/01/31
OFR42997838,15592531,savings_bonus,No,01-01-2024
OFR27979808,15683553,  savings_bonus  ,1,02 Mar 2024
OFR85865251,15591607,fee_waiver,No,01-02-2024
OFR52697443,15805955,loan_rate_cut,No,02 Apr 2025
OFR60248547,15600781,savings_bonus,1,01 Feb 2024
OFR96536651,15583725,fee_waiver,No,2024-10-01
OFR15456766,15786063,loan_rate_cut,no,31 Jan 2025
OFR43208538,15668747,fee_waiver,No,02-05-2024
OFR38837550,15771873,savings_bonus,N,2024-12-01
OFR16897479,15716835,savings_bonus,1,2024/08/01
OFR59422993,15661670,  cashback  ,0,2024-12-01
OFR53383212,15644572,card_upgrade,false,2025/03/02
OFR34778653,15790757,loan_rate_cut,false,2024/08/01
OFR13024897,15810864,cashback,false,04/02/2025
OFR64943655,15697307,  loan_rate_cut  ,Yes,02 Jun 2025
OFR89097655,15724848,loan_rate_cut,1,02-05-2025
OFR78778930,15739803,cashback,,02 Jun 2025
OFR99017013,15658485,cashback,0,2023-12-02
OFR57992586,15789669,card_upgrade,no,01 Jan 2024
OFR24870616,15737888,card_upgrade,false,2025/09/01
OFR64075636,15779659,card_upgrade,no,2025/08/02
OFR35777029,15665834,fee_waiver,Y,04/02/2025
OFR28392358,15592846,card_upgrade,1,02 Aug 2025
OFR64279643,15651280,fee_waiver,No,01/01/2025
OFR55504562,15691483,loan_rate_cut,no,02 May 2025
OFR15941343,15756475,  loan_rate_cut  ,0,09/01/2024
OFR12958090,15745196,loan_rate_cut,0,02-08-2025
OFR51683449,15674840,cashback,true,02 Mar 2024
OFR62059241,15590876,cashback,no,2024/01/01
OFR66815731,15604044,,0,01 Aug 2024
OFR19779139,15676715,card_upgrade,Y,02 May 2025
OFR38300561,15682472,loan_rate_cut,0,01-02-2024
OFR99599975,15645569,fee_waiver,no,10/01/2025
OFR42459159,15600781,savings_bonus,true,10/01/2024
OFR38339062,15676521,loan_rate_cut,true,01/01/2024
OFR86548030,15731511,savings_bonus,No,07/02/2024
OFR34127659,15594720,savings_bonus,Y,01-08-2024
OFR62574592,15593601,fee_waiver,Yes,02-04-2025
OFR99898524,15780628,cashback,,2024-01-01
OFR92953826,15728505,card_upgrade,Y,01-09-2025
OFR97137658,15580146,savings_bonus,,02/01/2024
OFR83168296,15628112,fee_waiver,N,2025-01-01
OFR52800505,15763859,card_upgrade,true,2025/09/01
OFR59822145,15643966,cashback,0,09/01/2024
OFR96976575,15753719,savings_bonus,1,02-07-2024
OFR64926095,15810978,loan_rate_cut,0,11/01/2023
OFR92275621,15755209,loan_rate_cut,false,2025/01/31
OFR59991553,15754105,LOAN_RATE_CUT,1,03/02/2024
OFR23217735,15787071,cashback,true,2024-02-01
OFR89770133,15711309,cashback,No,2024-07-02
OFR22950775,15771873,savings_bonus,0,01-10-2025
OFR52441042,15632264,  card_upgrade  ,Y,2024-09-01
OFR23363647,15810845,fee_waiver,1,02-08-2025
OFR24886438,15726931,card_upgrade,0,02 May 2024
OFR80219357,15661249,card_upgrade,0,2024-03-02
OFR94264844,15746726,FEE_WAIVER,Y,11/01/2023
OFR25954503,15571816,savings_bonus,N,2025-01-31
OFR88251140,15707567,card_upgrade,1,01 Jan 2024
OFR69133176,15603436,loan_rate_cut,No,03/02/2025
OFR20701931,15800116,card_upgrade,no,02-08-2025
OFR33928296,15625047,card_upgrade,true,01-11-2023
OFR18558617,15706021,card_upgrade,no,2024/05/02
OFR49604509,15795149,FEE_WAIVER,false,02 Jul 2025
OFR58625570,15789484,cashback,no,06/02/2025
OFR35746620,15772781,fee_waiver,0,03/02/2024
OFR56207985,15568240,loan_rate_cut,0,2025-01-01
OFR56722670,15792360,savings_bonus,Y,02-08-2025
OFR23753193,15664521,savings_bonus,Yes,02-05-2025
OFR20366744,15682048,fee_waiver,1,2024-09-01
OFR47552824,15747960,card_upgrade,false,09/01/2024
OFR13242241,15593773,card_upgrade,false,2024/11/01
OFR22864598,15677369,card_upgrade,0,03/02/2025
OFR34952093,15640825,loan_rate_cut,Y,01/01/2025
OFR73461334,15660535,fee_waiver,0,02-03-2024
OFR43353633,15725511,loan_rate_cut,N,2024/08/01
OFR88776502,15589493,savings_bonus,Y,2025-07-02
OFR33621446,15602280,cashback,false,2023-12-02
OFR50603116,15708917,loan_rate_cut,false,04/02/2024
OFR41481278,15743040,  fee_waiver  ,No,2024-07-02
OFR82729731,15751710,savings_bonus,N,10/01/2024
OFR27307060,15767339,CARD_UPGRADE,No,2025-05-02
OFR83484467,15624592,savings_bonus,No,2025/01/01
OFR25680931,15660155,card_upgrade,false,06/02/2025
OFR84893200,15720187,loan_rate_cut,No,03/02/2025
OFR19598695,15670080,cashback,0,31-01-2025
OFR46839869,15760431,savings_bonus,0,01 Dec 2024
OFR19962286,15612087,fee_waiver,false,02-04-2025
OFR90171323,15755196,FEE_WAIVER,0,2024-01-01
OFR31123313,15763063,  loan_rate_cut  ,No,2024-09-01
OFR14263525,15749167,loan_rate_cut,No,2025/04/02
OFR89245520,15631681,savings_bonus,N,2025-10-01
OFR32484347,15603925,cashback,false,10/01/2024
OFR47411506,15725811,loan_rate_cut,no,2024/08/01
OFR40540696,15646161,card_upgrade,true,01 Oct 2025
OFR87431129,15567832,card_upgrade,false,07/02/2024
OFR11251654,15677871,cashback,no,02/01/2024
OFR29180908,15743411,savings_bonus,N,02 May 2024
OFR62943219,15809248,cashback,N,01 Jun 2024
OFR71119980,15603830,cashback,0,01 Jan 2025
OFR65454912,15701164,cashback,0,06/02/2025
OFR97887434,15758639,fee_waiver,no,06/02/2025
OFR55018867,15597602,cashback,1,04/02/2024
OFR58787112,15576269,LOAN_RATE_CUT,true,2024-06-01
OFR11141163,15656333,  savings_bonus  ,N,2025/07/02
OFR94973107,15797227,loan_rate_cut,,2025/04/02
OFR47633941,15659428,loan_rate_cut,Yes,01-09-2025
OFR78707015,15622750,fee_waiver,0,12/02/2023
OFR52653945,15807432,cashback,0,11/01/2023
OFR69813285,15786063,fee_waiver,0,2024/06/01
OFR51269326,15676966,fee_waiver,N,01 Dec 2024
OFR66457795,15728693,cashback,no,2024-08-01
OFR68718974,15698028,card_upgrade,Yes,02 Mar 2025
OFR26666140,15724623,cashback,0,01 Sep 2024
OFR74496047,15594594,savings_bonus,No,2024-04-02
OFR64323510,15762615,cashback,false,01 Oct 2025
OFR58540025,15803716,card_upgrade,yes,01/31/2025
OFR81682668,15673693,card_upgrade,1,01 Oct 2025
OFR42139185,15733119,card_upgrade,0,01-10-2024
OFR17812039,15727915,fee_waiver,1,01 Sep 2025
OFR21425911,15669064,savings_bonus,1,31-01-2025
OFR72110671,15672056,card_upgrade,1,09/01/2024
OFR74291899,15725166,loan_rate_cut,no,01/01/2025
OFR26962687,15677512,loan_rate_cut,N,01/31/2025
OFR26507332,15634632,savings_bonus,N,2024/05/02
OFR11559086,15763859,loan_rate_cut,yes,2025/04/02
OFR67999122,15656176,savings_bonus,0,01-01-2025
OFR55791381,15782899,,N,02-05-2024
OFR42516900,15807709,cashback,no,01 Feb 2024
OFR58291120,15725311,savings_bonus,0,12/01/2024
OFR32389329,15808621,cashback,false,2024/12/01
OFR83642531,15690452,savings_bonus,N,01-02-2024
OFR70727531,15615624,loan_rate_cut,0,2024/06/01
OFR50211535,15596914,fee_waiver,No,02 Jul 2024
OFR16344484,15784209,cashback,Yes,2025-01-01
OFR76341249,15677538,cashback,,01 Nov 2023
OFR95023673,15737741,CASHBACK,0,01-10-2025
OFR42983444,15652883,card_upgrade,1,2024-05-02
OFR95494104,15585388,savings_bonus,0,02 Apr 2025
OFR81691454,15801559,card_upgrade,0,2025-04-02
OFR55735061,15586310,fee_waiver,N,01-11-2024
OFR39196509,15720649,loan_rate_cut,1,2024-03-02
OFR46962600,15779711,savings_bonus,N,01-06-2024
OFR26929380,15776780,savings_bonus,Yes,31-01-2025
OFR93507239,15743007,cashback,no,01-11-2023
OFR64562555,15620204,cashback,No,2025-09-01
OFR93617371,15592387,cashback,Y,01-01-2025
OFR32356576,15786308,fee_waiver,N,2025-05-02
OFR84789467,15696061,cashback,N,2024-10-01
OFR26802290,15673570,cashback,0,2023-12-02
OFR35034605,15809087,savings_bonus,1,01 Sep 2025
OFR39361452,15576313,fee_waiver,0,02 Jul 2024
OFR12718895,15572265,cashback,false,2024/03/02
OFR56005566,15766908,loan_rate_cut,,01-09-2025
OFR84648574,15623944,fee_waiver,0,03/02/2024
OFR27838380,15633059,cashback,false,01-01-2024
OFR16125981,15730059,savings_bonus,0,12/02/2023
OFR43479831,15700476,cashback,N,09/01/2025
OFR65179847,15804256,,Yes,10/01/2025
OFR65014297,15763218,cashback,Y,2025-01-01
OFR57827242,15772896,card_upgrade,false,02 Jul 2024
OFR28521379,15669516,card_upgrade,1,12/02/2023
OFR75974346,15723873,savings_bonus,false,05/02/2025
OFR42393940,15686137,SAVINGS_BONUS,N,01-08-2024
OFR99085053,15809663,cashback,1,01-10-2024
OFR94723020,15607040,fee_waiver,false,2025/08/02
OFR78367873,15806467,cashback,true,05/02/2025
OFR28984094,15689294,  fee_waiver  ,1,12/02/2023
OFR61432854,15806438,savings_bonus,Y,05/02/2024
OFR50717345,15720559,card_upgrade,1,02-08-2025
OFR53066120,15787772,CASHBACK,1,2024/03/02
OFR20066078,15658485,cashback,false,06/02/2025
OFR26909482,15589493,,true,2024-03-02
OFR45724605,15709368,cashback,yes,04/02/2025
OFR25881544,15657566,savings_bonus,Y,2025-03-02
OFR85695476,15688074,fee_waiver,0,09/01/2024
OFR98618457,15810845,cashback,Yes,2025-01-31
OFR21048213,15771573,cashback,,2024-03-02
OFR52825480,15813850,cashback,0,02-08-2025
OFR83950699,15788218,cashback,no,2023/12/02
OFR55495253,15693737,loan_rate_cut,false,02-07-2024
OFR85582594,15693814,savings_bonus,false,02-05-2024
OFR37448252,15584518,LOAN_RATE_CUT,Yes,2025/01/01
OFR51865131,15645621,loan_rate_cut,false,2023/12/02
OFR31683440,15633950,savings_bonus,false,02-04-2024
OFR27542948,15582741,cashback,false,2025-07-02
OFR27054214,15665678,loan_rate_cut,0,2025-08-02
OFR12341566,15592387,FEE_WAIVER,no,02/01/2024
OFR20605950,15685226,savings_bonus,false,05/02/2025
OFR53019756,15696231,card_upgrade,0,2025/07/02
OFR83605177,15605447,card_upgrade,No,2024-05-02
OFR30333605,15807923,loan_rate_cut,yes,2024/12/01
OFR99649620,15568982,card_upgrade,N,12/01/2024
OFR61388032,15765297,cashback,N,01-10-2025
OFR96328833,15692132,SAVINGS_BONUS,false,2024/04/02
OFR45274783,15810978,savings_bonus,false,01 Feb 2024
OFR66618699,15735203,savings_bonus,false,2025/09/01
OFR80628709,15647091,savings_bonus,No,2025-10-01
OFR48248144,15631868,savings_bonus,N,2025/01/31
OFR79335583,15692926,fee_waiver,0,2023/11/01
OFR26519618,15633950,  fee_waiver  ,No,01 Oct 2025
OFR19413548,15636673,card_upgrade,0,2024-07-02
OFR55651075,15641675,card_upgrade,false,2023/12/02
OFR74862634,15628145,fee_waiver,Yes,01 Nov 2023
OFR56972661,15643024,cashback,0,2025-03-02
OFR50606461,15654060,CARD_UPGRADE,yes,02-07-2025
OFR73023858,15592389,cashback,1,02-03-2025
OFR22218985,15785899,card_upgrade,no,05/02/2024
OFR68858847,15799515,CARD_UPGRADE,1,01/01/2024
OFR23313200,15705512,fee_waiver,no,31-01-2025
OFR36263114,15788291,savings_bonus,0,2023-11-01
OFR55515222,15748625,loan_rate_cut,0,2024/03/02
OFR19574981,15646558,card_upgrade,N,11/01/2023
OFR51772753,15782210,cashback,false,2023-12-02
OFR28277292,15773972,loan_rate_cut,0,2024-09-01
OFR11417449,15613854,fee_waiver,1,01-10-2024
OFR37423414,15591100,card_upgrade,false,01 Dec 2024
OFR23765189,15810218,cashback,0,2025/10/01
OFR88757577,15694456,SAVINGS_BONUS,true,2023/11/01
OFR86992781,15637954,savings_bonus,no,2025-01-01
OFR73678566,15657284,savings_bonus,0,02 Mar 2025
OFR12815516,15625426,cashback,no,02 Aug 2025
OFR46064488,15571928,,Yes,2024-11-01
OFR67414082,15589805,card_upgrade,false,01-09-2025
OFR43575452,15746726,savings_bonus,no,09/01/2024
OFR47008285,15607170,savings_bonus,no,2024/06/01
OFR93480628,15569590,cashback,N,01-01-2025
OFR57607590,15605926,card_upgrade,false,2025/10/01
OFR59110811,15624528,  fee_waiver  ,yes,01-09-2024
OFR53434471,15643696,savings_bonus,No,2024-10-01
OFR54946640,15651674,loan_rate_cut,N,12/02/2023
OFR81176303,15812750,loan_rate_cut,no,01-06-2024
OFR72276138,15776807,loan_rate_cut,0,02 Jul 2024
OFR10089099,15754605,cashback,N,2025-07-02
OFR93102567,15751208,cashback,true,2024/08/01
OFR52415480,15685320,loan_rate_cut,false,02 Aug 2025
OFR55454849,15780961,fee_waiver,false,12/01/2024
OFR67441672,15655007,  fee_waiver  ,0,10/01/2024
OFR76924032,15604482,loan_rate_cut,Y,01 Oct 2025
OFR50162501,15734674,  savings_bonus  ,1,2024-02-01
OFR36888316,15784844,cashback,0,09/01/2024
OFR95032464,15805112,loan_rate_cut,no,01 Dec 2024
OFR93811898,15668886,fee_waiver,true,2025-07-02
OFR80840410,15801277,loan_rate_cut,0,02-05-2024
OFR78745965,15809722,SAVINGS_BONUS,Yes,2025/04/02
OFR85861031,15786014,fee_waiver,0,03/02/2024
OFR73089196,15592386,fee_waiver,0,01-01-2024
OFR11304567,15653762,  cashback  ,yes,2025/06/02
OFR28907840,15803457,savings_bonus,false,01 Nov 2023
OFR67808566,15722010,savings_bonus,0,2024-11-01
OFR75259378,15794056,savings_bonus,no,2025/06/02
OFR73072152,15599792,savings_bonus,0,2025/01/31
OFR16835352,15762238,cashback,N,01 Sep 2024
OFR63604309,15602084,savings_bonus,0,01-12-2024
OFR90830806,15626578,card_upgrade,0,01 Nov 2023
OFR21147119,15721024,savings_bonus,false,2025-01-01
OFR86112945,15726032,card_upgrade,1,01 Oct 2024
OFR90419284,15703793,cashback,1,08/02/2025
OFR11861871,15640280,card_upgrade,1,2025/04/02
OFR50720520,15653547,,false,2025-01-01
OFR47041839,15705707,cashback,0,03/02/2024
OFR15845210,15782735,cashback,no,01 Sep 2025
OFR94491813,15686302,card_upgrade,false,06/01/2024
OFR69812173,15646161,cashback,yes,01-02-2024
OFR36759657,15745012,savings_bonus,0,2025/05/02
OFR47949547,15808017,loan_rate_cut,false,2024-10-01
OFR14030635,15766205,cashback,false,01 Nov 2023
OFR63074291,15698028,card_upgrade,N,01-08-2024
OFR52296034,15708608,savings_bonus,1,01 Nov 2024
OFR83798275,15808582,card_upgrade,1,2023/11/01
OFR57002579,15666252,savings_bonus,N,2025-05-02
OFR84335527,15771977,fee_waiver,yes,07/02/2025
OFR37484352,15694717,fee_waiver,,31 Jan 2025
OFR70832031,15645621,cashback,0,2024/09/01
OFR47396936,15698932,fee_waiver,Yes,01-10-2024
OFR21309746,15787155,  cashback  ,0,2023/12/02
OFR96456364,15684548,cashback,Y,02 May 2024
OFR94445543,15622750,savings_bonus,0,2025/06/02
OFR17089861,15780140,fee_waiver,No,2024-03-02
OFR56589536,15774854,  fee_waiver  ,,2024/11/01
OFR83939970,15709295,savings_bonus,true,01-12-2024
OFR53765254,15684484,loan_rate_cut,no,2024-11-01
OFR22449616,15636684,card_upgrade,0,2024/04/02
OFR34290940,15807609,fee_waiver,false,2024-08-01
OFR42963717,15625047,savings_bonus,0,2024-12-01
OFR59802251,15726676,savings_bonus,0,2025-01-01
OFR16665191,15566594,cashback,1,2025/07/02
OFR14208739,15627801,fee_waiver,Yes,02 May 2024
OFR72755405,15600337,loan_rate_cut,N,01 Aug 2024
OFR53516047,15661526,cashback,false,2024/12/01
OFR33349585,15679531,cashback,,09/01/2025
OFR94334627,15752081,fee_waiver,0,01/01/2024
OFR31477826,15707567,loan_rate_cut,no,2025/04/02
OFR55523348,15746490,  card_upgrade  ,1,01 Nov 2024
OFR76421759,15798888,CASHBACK,Y,2024/02/01
OFR26752487,15661036,loan_rate_cut,0,02 Mar 2025
OFR60217068,15806926,cashback,,2024-03-02
OFR57984114,15687946,cashback,no,11/01/2023
OFR44114228,15811490,savings_bonus,1,05/02/2024
OFR89339274,15809616,card_upgrade,No,2024-04-02
OFR42792541,15640280,cashback,no,2024/01/01
OFR50188603,15744689,cashback,Y,2024/10/01
OFR36980488,15721024,,N,02-04-2024
OFR38010079,15712551,fee_waiver,0,10/01/2025
OFR87357770,15676519,cashback,no,01-12-2024
OFR82243447,15576352,loan_rate_cut,No,02-08-2025
OFR52550557,15723886,card_upgrade,no,12/02/2023
OFR68762990,15588537,fee_waiver,0,2023/12/02
OFR82279117,15641582,FEE_WAIVER,no,2023/11/01
OFR60442254,15641122,fee_waiver,yes,02-03-2025
OFR39552508,15662085,loan_rate_cut,Y,2024/10/01
OFR49531595,15686164,loan_rate_cut,false,2025/03/02
OFR33811684,15662403,fee_waiver,no,10/01/2025
OFR63867563,15766741,fee_waiver,no,2025/01/31
OFR74598420,15757535,  savings_bonus  ,0,12/02/2023
OFR16870886,15656148,loan_rate_cut,no,2024/11/01
OFR23856722,15750803,cashback,no,01 Dec 2024
OFR24686033,15653253,fee_waiver,false,01 Oct 2024
OFR17329823,15642041,cashback,0,2024-11-01
OFR62948742,15799422,loan_rate_cut,N,09/01/2024
OFR87432122,15742668,fee_waiver,Y,2024/03/02
OFR58140833,15682757,cashback,0,01 Jan 2024
OFR57273089,15702741,fee_waiver,N,01 Oct 2024
OFR25975592,15594408,  cashback  ,No,31-01-2025
OFR29318764,15794142,,false,2024-06-01
OFR85348138,15780628,fee_waiver,Y,2025-03-02
OFR52456590,15605918,loan_rate_cut,no,2025-09-01
OFR57739705,15591986,fee_waiver,,01-08-2024
OFR95765991,15802593,cashback,false,2024-05-02
OFR12237354,15760861,loan_rate_cut,no,2024/09/01
OFR69306696,15722010,savings_bonus,0,02 Apr 2024
OFR23715597,15775238,card_upgrade,false,02 Mar 2025
OFR36727958,15700696,loan_rate_cut,0,2025-05-02
OFR77448165,15599195,card_upgrade,no,09/01/2025
OFR15384190,15585215,CASHBACK,0,2024-02-01
OFR18132298,15633461,loan_rate_cut,0,11/01/2024
OFR55365751,15578186,cashback,0,02-08-2025
OFR56984490,15658169,savings_bonus,1,01-09-2025
OFR43186308,15813163,card_upgrade,false,2025-03-02
OFR12105204,15745196,fee_waiver,0,02-03-2025
OFR20427105,15580203,cashback,Yes,2025-09-01
OFR87479754,15619857,loan_rate_cut,Y,02-03-2024
OFR56892046,15760861,fee_waiver,1,11/01/2024
OFR64789105,15692926,cashback,N,2024-08-01
OFR75508633,15582797,loan_rate_cut,0,2024-01-01
OFR70478607,15696231,cashback,,02-05-2024
OFR33923942,15807709,fee_waiver,1,2024/12/01
OFR75981201,15707362,cashback,0,01/31/2025
OFR96339910,15684181,fee_waiver,0,07/02/2024
OFR47341224,15626114,savings_bonus,N,2024-09-01
OFR86870923,15642004,card_upgrade,No,01-01-2025
OFR86337318,15698839,loan_rate_cut,false,05/02/2025
OFR36369023,15615457,fee_waiver,Yes,2025/03/02
OFR11239961,15681705,loan_rate_cut,0,02 May 2025
OFR84510588,15701376,cashback,no,02 Jul 2025
OFR68573103,15681068,fee_waiver,true,2025/07/02
OFR14974336,15727556,loan_rate_cut,N,01/31/2025
OFR26355660,15613749,fee_waiver,false,01-10-2025
OFR76374220,15622897,fee_waiver,1,2025/06/02
OFR21882557,15815364,cashback,false,02-03-2025
OFR35872571,15705953,fee_waiver,1,2025-06-02
OFR22964520,15784597,cashback,no,02 Jul 2024
OFR65928576,15644753,card_upgrade,N,02 Apr 2025
OFR59392818,15567446,card_upgrade,No,2025-05-02
OFR14752639,15799217,fee_waiver,0,01 Oct 2025
OFR77066930,15804919,loan_rate_cut,1,02 Jul 2024
OFR64343494,15747867,cashback,0,02 Apr 2025
OFR36679860,15719377,fee_waiver,No,2024/07/02
OFR15284681,15694272,card_upgrade,No,01-12-2024
OFR66962585,15803136,cashback,1,04/02/2025
OFR47262481,15591969,  savings_bonus  ,no,01 Sep 2024
OFR79686772,15573456,card_upgrade,false,2025-04-02
OFR70831898,15709737,cashback,1,31 Jan 2025
OFR47824135,15640905,fee_waiver,,01-09-2024
OFR66911953,15677538,fee_waiver,Y,02-12-2023
OFR24574741,15622993,card_upgrade,Y,2024-07-02
OFR60682198,15801277,card_upgrade,false,01 Jan 2024
OFR40727341,15666633,savings_bonus,no,01-10-2024
OFR24452947,15712287,loan_rate_cut,no,2024-04-02
OFR58623751,15745012,fee_waiver,false,02/01/2024
OFR34608672,15625461,fee_waiver,no,02 Mar 2025
OFR13662690,15634844,cashback,1,2025/05/02
OFR41290626,15747358,loan_rate_cut,No,2024/07/02
OFR19271616,15589975,fee_waiver,,2025-01-31
OFR56927516,15580956,loan_rate_cut,Y,2024/09/01
OFR25390313,15807663,savings_bonus,0,01 Dec 2024
OFR68858847,15799515,CARD_UPGRADE,1,01/01/2024
OFR55058344,15695699,card_upgrade,0,2024-02-01
OFR26161136,15694456,loan_rate_cut,,2025-06-02
OFR48819431,15625524,loan_rate_cut,true,2024/04/02
OFR74923198,15744607,loan_rate_cut,1,2024-04-02
OFR83733343,15686611,  loan_rate_cut  ,true,01 Nov 2024
OFR40374073,15696859,cashback,No,01 Aug 2024
OFR32961218,15692463,loan_rate_cut,Yes,2024/10/01
OFR77590786,15782569,loan_rate_cut,N,2024-03-02
OFR10849840,15699389,fee_waiver,Y,02-04-2024
OFR86681395,15584518,FEE_WAIVER,yes,10/01/2024
OFR87089321,15760085,loan_rate_cut,No,2025/01/31
OFR76005275,15682472,loan_rate_cut,true,05/02/2025
OFR85662654,15773456,card_upgrade,false,01 Jan 2025
OFR99685472,15602084,card_upgrade,false,07/02/2025
OFR95007668,15707473,LOAN_RATE_CUT,No,12/01/2024
OFR64641930,15792360,savings_bonus,false,11/01/2023
OFR49793369,15775306,fee_waiver,Y,01 Jun 2024
OFR76449297,15647091,savings_bonus,false,2024-07-02
OFR67999122,15656176,savings_bonus,0,01-01-2025
OFR65467806,15599195,CASHBACK,Yes,2025/09/01
OFR57769262,15804771,card_upgrade,1,08/01/2024
OFR28160389,15776605,cashback,0,02-08-2025
OFR63066236,15654060,savings_bonus,N,2024-04-02
OFR20750359,15680998,fee_waiver,0,02-08-2025
OFR35608801,15659843,card_upgrade,false,2025/07/02
OFR75497387,15738751,card_upgrade,yes,01-10-2024
OFR16014317,15785869,,no,01-08-2024
OFR72774680,15600651,cashback,1,02 Dec 2023
OFR36337677,15585362,card_upgrade,yes,31-01-2025
OFR60666931,15815364,card_upgrade,no,02-12-2023
OFR25265063,15745354,    ,Y,02 Mar 2024
OFR81956133,15703119,fee_waiver,N,2024-01-01
OFR38595009,15674991,loan_rate_cut,0,2025-08-02
OFR43634619,15635367,fee_waiver,0,07/02/2024
OFR88736575,15811762,cashback,1,02-07-2025
OFR95728522,15699005,fee_waiver,Y,31-01-2025
OFR45776904,15808473,loan_rate_cut,false,01 Dec 2024
OFR22619786,15736534,fee_waiver,no,01 Feb 2024
OFR58076498,15811773,  savings_bonus  ,N,01/01/2024
OFR80448520,15640078,cashback,no,2025-06-02
OFR74771224,15785869,card_upgrade,0,2024-08-01
OFR65497503,15789158,loan_rate_cut,No,2025-03-02
OFR24266410,15782569,card_upgrade,no,2024/03/02
OFR38946010,15753831,card_upgrade,1,2024-03-02
OFR20921672,15708710,SAVINGS_BONUS,,12/02/2023
OFR76710565,15714689,cashback,0,01 Sep 2024
OFR25294653,15571973,savings_bonus,no,2023-12-02
OFR33147206,15745417,loan_rate_cut,Y,2023-12-02
OFR56084676,15677512,  savings_bonus  ,,05/02/2025
OFR24886891,15792388,card_upgrade,No,07/02/2025
OFR61691192,15717046,cashback,no,01 Nov 2023
OFR15139276,15580684,loan_rate_cut,Yes,02 Aug 2025
OFR15771548,15797219,fee_waiver,yes,01 Oct 2024
OFR78046774,15670080,savings_bonus,no,31 Jan 2025
OFR69167062,15635905,fee_waiver,false,2024/11/01
OFR12138085,15657284,savings_bonus,Yes,09/01/2025
OFR90123213,15806983,savings_bonus,N,2024/08/01
OFR81318258,15571928,fee_waiver,1,2024-11-01
OFR55180149,15601589,cashback,0,06/01/2024
OFR42412020,15692463,fee_waiver,No,02-06-2025
OFR19816472,15697183,card_upgrade,yes,02-03-2025
OFR80080957,15811127,savings_bonus,yes,02/01/2024
OFR82007025,15630328,  loan_rate_cut  ,1,2023/11/01
OFR63296086,15740900,cashback,false,04/02/2025
OFR17599988,15656300,card_upgrade,No,01/01/2025
OFR99699386,15641732,  card_upgrade  ,Yes,2025/08/02
OFR43308414,15584091,card_upgrade,N,02/01/2024
OFR15801168,15649423,fee_waiver,0,2025/04/02
OFR66918301,15591986,,No,2024/02/01
OFR95705730,15794916,card_upgrade,0,01-08-2024
OFR76073170,15732778,  cashback  ,Yes,05/02/2025
OFR64288418,15681206,savings_bonus,No,02-06-2025
OFR45637056,15636731,fee_waiver,,2025-03-02
OFR43438888,15758449,fee_waiver,no,06/02/2025
OFR24539565,15785899,loan_rate_cut,no,08/01/2024
OFR59787876,15695846,fee_waiver,0,2025-01-31
OFR81268744,15702919,savings_bonus,no,2023/12/02
OFR63614239,15756850,  cashback  ,yes,05/02/2025
OFR63084859,15718443,card_upgrade,1,2025/08/02
OFR62221618,15760431,cashback,0,2024/04/02
OFR31488963,15699309,fee_waiver,0,01 Aug 2024
OFR64772769,15710825,savings_bonus,0,03/02/2025
OFR79656043,15634602,card_upgrade,1,12/01/2024
OFR45181372,15745307,savings_bonus,0,05/02/2024
OFR54240918,15584091,fee_waiver,Yes,2024/11/01
OFR38341662,15792328,loan_rate_cut,false,2024-05-02
OFR64323510,15762615,cashback,false,01 Oct 2025
OFR76587841,15650237,card_upgrade,1,2025/01/01
OFR36127832,15697000,cashback,,01 Dec 2024
OFR94430788,15756026,savings_bonus,0,2024/03/02
OFR38199286,15729362,SAVINGS_BONUS,0,2024-02-01
OFR35608678,15641122,fee_waiver,,01/01/2024
OFR76954974,15645248,fee_waiver,1,2024/11/01
OFR38542392,15680998,savings_bonus,no,10/01/2025
OFR53935749,15763274,cashback,No,2023/12/02
OFR83485154,15606149,  savings_bonus  ,no,2024/04/02
OFR17774249,15589030,loan_rate_cut,No,02-04-2024
OFR97786388,15650288,cashback,no,2024/11/01
OFR65569120,15619708,loan_rate_cut,false,2023-11-01
OFR93861514,15813034,loan_rate_cut,1,04/02/2024
OFR17520582,15736879,fee_waiver,No,01/01/2025
OFR38181312,15762729,card_upgrade,false,2025-05-02
OFR17127766,15643966,card_upgrade,N,2024-09-01
OFR26206821,15781465,fee_waiver,no,05/02/2025
OFR94212483,15594898,card_upgrade,0,2025-09-01
OFR55572953,15654700,fee_waiver,no,02/01/2024
OFR78251860,15599660,card_upgrade,No,02 Aug 2025
OFR85984511,15714485,loan_rate_cut,0,01/01/2024
OFR92317539,15646558,,0,02-06-2025
OFR97655655,15676519,fee_waiver,no,02 May 2024
OFR75313086,15795564,cashback,No,09/01/2025
OFR57409590,15705521,fee_waiver,Yes,2024/07/02
OFR64557677,15653620,,false,08/02/2025
OFR29337279,15712287,loan_rate_cut,Y,01 Sep 2025
OFR73862793,15664610,cashback,yes,2025-05-02
OFR58871148,15602312,card_upgrade,false,2024/02/01
OFR23048427,15590876,savings_bonus,,01-10-2024
OFR96318644,15753719,cashback,no,01/01/2025
OFR36456442,15697183,loan_rate_cut,false,2024-09-01
OFR25271508,15578761,savings_bonus,yes,2025/01/01
OFR34975773,15813741,,No,01-09-2024
OFR28834961,15766575,fee_waiver,false,02 Mar 2024
OFR28216474,15622003,card_upgrade,N,10/01/2024
OFR54732325,15698786,savings_bonus,no,2025/10/01
OFR29680564,15641655,card_upgrade,1,02-04-2024
OFR77284990,15658935,card_upgrade,0,01 Dec 2024
OFR29975863,15667215,savings_bonus,No,12/01/2024
OFR16353845,15807008,savings_bonus,No,02-08-2025
OFR41110589,15799515,card_upgrade,1,2023-12-02
OFR52385691,15596914,loan_rate_cut,1,01-11-2024
OFR68038579,15747807,savings_bonus,,02 May 2024
OFR97363913,15726631,cashback,N,01-09-2024
OFR50373802,15783659,card_upgrade,Y,2024-03-02
OFR55259245,15604482,  cashback  ,No,01-12-2024
OFR32100943,15794396,cashback,0,01 Sep 2025
OFR29586567,15675522,savings_bonus,no,01-08-2024
OFR88026814,15753337,savings_bonus,,2025/08/02
OFR80887187,15627000,card_upgrade,0,2025/07/02
OFR46887108,15681206,fee_waiver,Yes,2024-06-01
OFR39456237,15796505,card_upgrade,no,01 Oct 2024
OFR59700130,15784844,fee_waiver,false,02 Mar 2024
OFR47350146,15689044,savings_bonus,0,2024-04-02
OFR90811132,15722548,fee_waiver,1,01 Jun 2024
OFR59932854,15804017,cashback,No,01-11-2023
OFR75505896,15700696,cashback,No,01 Nov 2023
OFR69044283,15672012,fee_waiver,no,2025-03-02
OFR11974433,15610156,fee_waiver,true,2024/07/02
OFR72531847,15628303,savings_bonus,0,2025-04-02
OFR32862168,15634245,fee_waiver,N,03/02/2024
OFR11484213,15660602,cashback,0,11/01/2024
OFR96151806,15576368,loan_rate_cut,1,01 Oct 2025
OFR69725893,15771086,savings_bonus,0,02/01/2024
OFR72763121,15647311,fee_waiver,Y,08/02/2025
OFR76161647,15594917,card_upgrade,no,03/02/2025
OFR25750446,15807008,savings_bonus,No,02 Aug 2025
OFR84997377,15719352,savings_bonus,N,06/01/2024
OFR47499939,15653857,  fee_waiver  ,Yes,2025-03-02
OFR34711321,15642394,cashback,false,2025-01-01
OFR20086333,15651022,loan_rate_cut,false,02/01/2024
OFR40251696,15765297,loan_rate_cut,true,03/02/2024
OFR12156988,15693683,card_upgrade,N,01 Aug 2024
OFR12908692,15697307,savings_bonus,No,2024-04-02
OFR63567041,15800440,cashback,No,01 Nov 2023
OFR54927479,15674551,cashback,1,01-08-2024
OFR48202355,15627360,fee_waiver,0,2025-07-02
OFR65561238,15716164,cashback,,07/02/2025
OFR68289527,15787174,fee_waiver,yes,05/02/2024
OFR98559309,15630910,card_upgrade,no,2024-08-01
OFR11102393,15746902,  cashback  ,false,2025-03-02
OFR19129154,15582741,savings_bonus,no,02 Mar 2025
OFR27593785,15573112,fee_waiver,no,06/01/2024
OFR37652770,15600258,card_upgrade,No,2025/05/02
OFR91250954,15760085,cashback,yes,01-06-2024
OFR50145487,15639314,  fee_waiver  ,,08/02/2025
OFR14262739,15685320,savings_bonus,,01-09-2025
OFR51403053,15738148,savings_bonus,No,02-06-2025
OFR72278997,15655774,loan_rate_cut,yes,01 Dec 2024
OFR77176250,15772896,card_upgrade,true,01 Dec 2024
OFR85863800,15798398,card_upgrade,no,07/02/2025
OFR17445699,15659428,fee_waiver,0,2024-11-01
OFR19038198,15721935,loan_rate_cut,0,01 Sep 2024
OFR21906016,15640442,cashback,1,01 Nov 2024
OFR13501973,15614215,fee_waiver,N,2024-08-01
OFR47814656,15682585,fee_waiver,1,03/02/2024
OFR73978912,15673481,  savings_bonus  ,No,02 Jul 2025
OFR36700308,15624170,savings_bonus,true,02 May 2025
OFR28743827,15762418,card_upgrade,false,02 May 2024
OFR82829719,15713483,loan_rate_cut,no,2023-11-01
OFR99566506,15621075,savings_bonus,N,05/02/2025
OFR25178039,15802741,CARD_UPGRADE,0,2025-04-02
OFR98639138,15695632,loan_rate_cut,0,2025/01/31
OFR91832540,15679587,loan_rate_cut,Y,2025/07/02
OFR50486344,15679145,card_upgrade,,01 Oct 2024
OFR84763353,15709324,savings_bonus,false,01-09-2025
OFR55959134,15608114,,0,06/01/2024
OFR55695256,15738181,savings_bonus,no,31 Jan 2025
OFR19099554,15674398,fee_waiver,N,02-03-2024
OFR33763032,15712825,card_upgrade,false,02-06-2025
OFR54622136,15623595,savings_bonus,no,2025/01/31
OFR99178522,15583725,loan_rate_cut,0,01-10-2025
OFR81754899,15698474,cashback,0,01 Oct 2025
OFR43544440,15731744,fee_waiver,No,2025-01-01
OFR26780976,15619529,cashback,no,05/02/2025
OFR23758940,15676895,savings_bonus,false,2023-12-02
OFR89264739,15692132,fee_waiver,N,01/01/2024
OFR28024374,15581229,savings_bonus,no,2025-08-02
OFR28719826,15759537,savings_bonus,Y,2024-10-01
OFR56929785,15790678,CASHBACK,0,2024-07-02
OFR93101226,15667871,cashback,Y,02-05-2025
OFR40482606,15637876,cashback,N,02 May 2025
OFR14649135,15686611,fee_waiver,true,02 Dec 2023
OFR19696685,15585768,card_upgrade,0,01-01-2024
OFR51076346,15601274,savings_bonus,0,2025-01-01
OFR79386675,15716186,fee_waiver,Yes,01 Nov 2024
OFR60323592,15676895,cashback,0,2025-09-01
OFR98038397,15753754,,,2024/05/02
